name,age,street,city,state,zip,lng,lat
Jeffrey Rose,52,681 Steven Meadows,North Bethanyland,Texas,41680,61.455181,0.3160415
Mary West,22,39715 Mitchell Shoals,Fordstad,Florida,80946,-133.875856,43.611556
Mark Alvarado,64,78394 Donald Crossing,Erikaburgh,Louisiana,59480,10.169839,57.0117865
Joseph Matthews,33,718 Cook Square Apt. 502,North Brenda,Connecticut,91918,33.074370,-23.973266
Kimberly Pierce,35,270 Marks Bypass,New Pedroport,Washington,15310,101.870749,54.1986395
Christopher Harris MD,47,80174 Tucker Ridge,West Michael,New Jersey,51073,54.035333,-56.9232875
Debra Young,49,330 Anderson Views,Youngside,Mississippi,48548,-8.884201,-47.6275925
Sheryl Calhoun,25,6945 Higgins Plains,Smithstad,Mississippi,65026,168.565160,69.495657
Andrew Rangel,22,632 Susan Key Apt. 926,Krausestad,Rhode Island,49102,99.513916,-24.1005655
Taylor Singleton,32,748 Chavez Circle,West Jasonburgh,Kentucky,10719,61.196631,28.122449
Sherri Johnson,36,2173 Yu Vista Apt. 856,East Michaelhaven,New Jersey,77315,-118.678657,60.6696845
Brett Shepherd,62,3042 Thompson Unions Suite 478,West Kellymouth,North Dakota,89543,161.247084,-34.0184175
Angela Scott,19,0946 Graham Wall,East Max,New Jersey,20107,-111.067819,-17.417306
Richard Carson,80,88690 Tiffany Branch,North Frances,Tennessee,67712,-83.325163,-58.1474775
Victoria Adams,24,150 Stephanie Trail,South Hollyton,South Carolina,30736,-178.082652,-73.560975
Caroline Cain,22,60194 Vaughn Fall,Hudsonstad,Nevada,64378,81.254909,-34.5132655
Anthony Crane,72,5263 Robert Lock,South Jacob,North Carolina,03829,149.700656,14.4760715
Dr. Richard Blevins Jr.,39,203 Davis Ways,Lake Krystalfurt,Tennessee,39005,-81.915099,49.1264835
Jacob Campbell,68,2224 Michael Fall Apt. 077,Jeremymouth,New Mexico,11343,-136.643389,-48.3025025
David Cannon,39,93342 Trevor Groves Apt. 929,South Anthonyshire,Mississippi,43904,-78.206675,79.939610
Whitney Potter,36,23951 Cruz Forge Suite 797,West Michael,Oklahoma,55005,-96.696971,36.8719475
Jeffrey Knight,64,817 Schmitt Isle,North Christianmouth,Texas,41095,164.912077,-20.2800205
Maria Chandler,63,97814 Fuller Lane,Lake Brittanyburgh,Oklahoma,91476,-60.748217,-63.933899
Heather Hicks,52,4785 West Courts,New Kimside,Connecticut,42822,110.782943,85.935795
Thomas Turner,55,1526 Fuller Ramp Apt. 690,Ariasland,Michigan,83325,85.664459,-24.156872
Steven Johns,71,297 Reyes Pass,Carolhaven,Louisiana,19211,96.917995,37.6749555
Jacqueline Bender,66,33532 Jesus Cliffs,South Leroyburgh,Illinois,94203,-150.418374,45.769283
Ashley Andrews,38,62785 Marks Bridge Suite 492,West Todd,Colorado,68038,-25.241694,53.0376295
Gregory Hall,48,77677 William Ferry,New Ann,New Hampshire,25736,126.926174,-26.359096
Christopher Graham,48,4536 Grant Spur Apt. 736,Mitchellfort,Minnesota,77018,-0.117531,72.423311
Matthew Thomas,51,2765 Jacob Turnpike Apt. 478,Cookfort,Indiana,47578,-134.552399,-44.0654085
Janet Hernandez,58,4268 David Dale Suite 303,Changfort,Oregon,99125,65.139245,83.0586595
Daniel Dickson,58,771 Taylor Village Apt. 337,Wallaceside,Mississippi,47319,88.492644,-13.8905335
Thomas Flowers,49,3400 Faith Divide,North Andrew,Connecticut,80386,33.288283,-86.431826
Christina Rodgers,47,9308 Smith Spring,New Justin,Ohio,67958,-9.023654,48.492152
Kevin Nunez Jr.,57,51764 Hall Union,West Timothyburgh,Arizona,10732,133.060928,-47.1401905
Ricky Smith DDS,38,310 Perez Union,Ryanchester,Alaska,15997,140.050105,-12.402142
Gregory Brown,49,39131 Hector Station Suite 513,Gordonberg,Rhode Island,98356,-78.234622,88.0705915
Darren Jackson,63,5655 Lloyd Street,Jonathantown,South Carolina,61276,108.444519,49.959224
Lindsay Mitchell,48,12118 Deanna Trail Apt. 676,South Kathleenview,Vermont,99562,-119.766257,-63.8231885
Shane Johns,68,55235 Gregory Orchard,West Erinberg,Colorado,56955,-141.914027,87.753553
Melody Allen,30,71931 Williamson Lakes Suite 102,North Jacob,Alaska,91838,-96.983997,51.355419
Miss Sharon Ross DDS,57,0777 Hicks Valley,North Joshuaport,New Hampshire,69033,156.738923,49.9309095
Beverly Johnson,54,383 Mathis Avenue,Lake Andrew,Kentucky,86110,-168.921282,9.519909
Amber Perez,71,0233 Sarah Views Apt. 308,New Christina,California,69388,-77.220387,-71.3221625
Miranda Sullivan,44,993 Smith Track Suite 402,Martintown,Oregon,10001,-51.536539,-61.745905
Kathleen Soto,48,4184 Robert View,Stewartside,Kansas,88804,-86.031268,-24.941358
Angela Holland,19,23168 Harrington Trail,West Holly,Wisconsin,72723,162.543771,-36.5301525
Alex Gardner,50,73398 Sharp Forest,Lindaburgh,Missouri,39126,-17.360929,-80.706710
Abigail Hunt,24,6273 Jordan Crescent Suite 502,Snyderview,New Mexico,15937,-178.642180,36.2984595
Kimberly Garcia,22,77164 Casey Villages,Lake Johnborough,Utah,85232,-17.181593,-85.3663325
Jacob Payne,56,15506 Lisa Vista Apt. 960,Port Cristinaview,Texas,47583,-74.945263,-61.851338
Carolyn Baker,18,7401 Jeffrey Shores,Johnchester,Pennsylvania,57552,-16.932414,-2.536230
Whitney Fields,18,223 Foster Village Apt. 080,Lake Williamburgh,Rhode Island,53818,-103.341264,-18.6633195
Collin Martinez,36,381 Kristen Manors,New Jade,Montana,24303,5.809623,15.620593
Melissa Barrera,56,4978 Antonio Cape,South Christopher,Alabama,50849,-59.806501,73.6654935
Kimberly Roberts,53,823 Reese Lodge Apt. 769,North Michael,Ohio,83148,-126.237690,47.393881
Kimberly Bennett,30,9292 Taylor Roads Apt. 306,East Mark,Hawaii,26783,-15.523032,76.9004855
Sarah Boyd,21,351 Tanner Orchard Suite 098,Hornport,Texas,29258,-87.450084,-61.1926455
Dr. Jacob Thompson,32,529 Elizabeth Skyway,West Dennis,Wyoming,86009,-150.396786,-4.881503
Patrick Ward,48,67477 Andrew Crest Apt. 679,Susanfort,Iowa,33137,48.119535,42.484387
Cindy Barnett,30,544 Karl Courts,Port Carlosshire,Missouri,99224,-66.217986,-73.348163
Terry Flynn,70,04229 Heather Falls Apt. 333,East Elizabeth,New Jersey,15767,173.858564,87.453671
Deborah Arnold,67,0755 Hernandez Ways Suite 242,New Kevin,Illinois,34273,-119.661157,61.292037
Chad Brewer,45,67667 Benjamin Walks Apt. 214,Port Justinfurt,Kentucky,16786,-12.080192,-58.0533995
Patrick Garcia,68,684 Hughes Roads,Ashleyborough,Michigan,82147,70.684753,-29.927575
Christian Anderson,35,795 Willis Village Suite 823,Frazierhaven,Oregon,78295,34.975257,45.808728
Martin Andrews,78,823 Mary Overpass Suite 156,Stephenfort,North Dakota,44243,-108.787261,50.585952
Arthur Sanchez,50,68298 Lisa Turnpike,Sarahville,Minnesota,98280,-49.427431,83.240448
Alyssa Jones,30,3360 Wells Port,North Michael,Illinois,23858,-160.109187,52.256971
William Pittman,55,9319 Moore Junctions Apt. 419,Englishchester,Oregon,89563,-8.845999,82.7159365
Yvonne Johnson,27,1746 Cheyenne Mountains,Carolchester,Wyoming,73346,116.164634,32.430774
Ryan Castro,21,43611 Amy Locks,New Sandra,California,64287,55.136315,-13.6440975
James White,70,390 Nathan Extension Suite 902,Smithfort,South Carolina,65270,-1.255179,-50.728924
Leah Scott,37,742 Karen Rest,Kingland,Florida,13171,-139.444720,-59.229026
Ann Shaffer DVM,68,3682 Caleb Knoll Suite 814,Allisonshire,Montana,72196,15.916079,-24.2157885
Tracy Potter,68,44910 Charles Stream,Mooreton,Utah,85367,119.115978,27.524285
Casey Miller,35,1034 Bradley Turnpike,Bellport,Massachusetts,81061,-173.062950,80.670090
Diane Brown,59,6036 Carpenter Passage,Port Jennifer,Alaska,57955,-12.464032,-82.751430
Renee Davis,53,9058 Jeffrey Square Apt. 447,Port Staceyshire,Ohio,66178,-159.266607,-42.4757865
Albert White,27,3411 David Square,West Joshua,Pennsylvania,38294,-109.867440,35.775924
April Smith,53,8481 Haley Corner Suite 858,Christopherhaven,Tennessee,48923,136.991715,83.580754
Jennifer Stewart,76,40468 Kimberly Island Apt. 015,Thomaston,Indiana,80452,122.644352,69.7232475
Nathan Allen,42,82093 Michael Canyon Apt. 192,East Whitney,Arkansas,22287,87.180918,20.989311
Jennifer Johnson,43,6553 Nicolas Harbors,New Davidborough,Wisconsin,32128,-8.637005,82.2519195
Steven Ramirez,34,4576 Lauren Flat,Port Mary,Vermont,51585,-88.888726,-60.7803125
John Johnson,59,998 Perez Forks Apt. 658,Steventon,Alaska,09553,53.657747,-21.7592755
Jason Sanford,63,6910 Santana Loop,Caitlinhaven,California,14654,175.267878,72.8286595
Jeffrey Hall,79,2060 Montes Hill Suite 876,North Billborough,New Hampshire,56923,-35.731658,-56.746150
Joel Meyer,49,4537 Hill Rapid,East Sydneyville,West Virginia,60614,19.600429,-22.8115465
Erica Kirk,44,3381 John Turnpike,South Debbie,Alaska,62571,-16.121792,-61.764711
Sean Peck,38,00767 Carlson Mountain,Shariville,Missouri,86752,117.654722,35.598688
Sara Morris,35,224 Tanner Rapid Apt. 328,Port Ashley,Louisiana,84557,-56.513632,-22.8624895
Jason Wilkinson,54,97684 George Ports Apt. 185,Chavezside,Michigan,52139,68.182078,47.549256
Zachary Alvarez,45,246 Jennifer Course Apt. 027,South Brendaland,Nevada,55202,97.914515,-55.569371
John Matthews,62,120 Nelson Crossing,New Williamside,Idaho,19528,176.817669,26.016875
Phillip Carter,79,4976 Diana Causeway Apt. 291,Kevinburgh,Arizona,83249,-82.667814,4.120222
Michael Bradshaw,50,3359 Amanda Streets,Heathertown,North Carolina,28369,-122.055110,67.6700615
Danny Campbell,62,8102 Lozano Ridge Suite 179,Saraburgh,Arizona,83361,58.486273,-54.2645095
Megan Lee,68,0666 Terri Mall,West Danielmouth,Indiana,27305,-64.689802,-10.4871825
Crystal Rodriguez,73,8551 Ryan Fort,East Rick,New Hampshire,29709,73.566251,-4.398710
Sarah Gray,35,04875 Dominguez Plains Suite 328,South Paulhaven,Illinois,32923,102.842162,82.537327
Kyle Bartlett,40,1725 Robin Glens Suite 816,South Brookehaven,Illinois,54347,-5.177267,-12.935678
April Mitchell,34,0323 Hunt Way Apt. 496,West Diana,Mississippi,09562,9.892590,-15.5401035
Katherine Hall,78,468 Thompson Island,Teresaburgh,Tennessee,29039,10.857759,-47.0159525
Victoria Farley,36,6027 Ashley Ridge,Odomhaven,Ohio,30874,160.909948,49.8276855
Latoya Davis,64,1843 Amanda Crossing,West Lisa,Ohio,70061,15.477292,-45.417122
Richard Ball,19,43914 Sanchez Heights Apt. 776,Lake Jeffrey,Washington,06930,135.760622,5.916867
Margaret Fisher,19,79677 Jonathan Junction Suite 507,Darrenstad,Indiana,78434,138.879422,-70.171140
Mark Evans,58,9955 Green Wall Apt. 348,South Stanleyfort,New York,74820,136.617352,-87.795261
David Atkins,67,528 Strickland Viaduct,South Ryanmouth,Washington,01101,-137.892326,-17.9652595
Daniel Le,50,43967 Vincent Rapids Apt. 245,Sherriborough,Georgia,87562,-69.422407,17.805538
Warren Villa,62,79667 Heather Centers Suite 492,Hollymouth,Vermont,06115,-166.130498,62.806255
Jesse Hubbard,62,0527 Joseph Prairie Apt. 448,Kathleentown,Kansas,32738,-127.220329,-59.4495465
Dr. Gary Barrett,23,08889 Santiago Wall,South Lauramouth,Oregon,84408,-49.070657,40.9437655
Gary Murray MD,40,0077 Michael Grove Apt. 310,Joanberg,Vermont,19696,-82.565563,12.997446
Rebecca Garza,36,98491 Tyler Locks Suite 056,South Steve,Rhode Island,57481,144.044393,13.8976265
Cody Donovan,47,979 Michelle Path,Clarkhaven,Maryland,49388,-134.344696,13.875247
Tiffany Lane,72,02371 Donaldson Corners,Rodriguezton,Oregon,40963,107.754886,50.571087
Mary Mitchell,20,99680 Mike Islands,North Michellemouth,Connecticut,42408,170.637667,38.597379
William Henry,65,689 Tiffany Tunnel,Bushstad,Mississippi,31963,-145.439842,-58.8224375
Ashley Jackson,51,009 Johnson Fords Suite 861,West David,New Jersey,16920,43.483233,-18.1360645
Kenneth Phillips,78,33162 Kelly Summit Apt. 589,Suttonton,Nebraska,00786,92.489549,54.2994635
Mr. Thomas Clark,37,6642 Harrell Corner,Lewisburgh,South Dakota,26680,-82.899684,-68.580937
Richard Williams,28,678 Meyers Turnpike Suite 501,Jessicastad,Indiana,27695,-152.818311,85.839404
Jennifer Jones,55,9937 Jennifer Extension,New Carol,Ohio,89913,-156.992616,-89.6288015
Erin Bates,32,1931 Morgan Garden,Alexistown,Idaho,38083,84.114841,-51.635297
Patrick Moss,28,44591 Joanne Plain,Robertberg,Oregon,65016,-26.377376,-73.992405
Jesse Sweeney,42,3467 Turner Forest,Englishberg,New Jersey,89592,-71.031672,60.2730265
Amanda Parker,49,75705 Mark Key,Port Lydiaburgh,Minnesota,19629,-29.774118,-85.638378
Paul Davidson,21,80607 Morris Turnpike,Tanyaberg,Montana,43098,95.943615,81.393611
Karen Henderson,62,47700 Anita Harbors,Michaelmouth,Arkansas,96167,-26.488146,-72.073117
Hannah Scott,27,199 Brewer Shores Suite 766,Manningmouth,South Carolina,25508,136.327226,-34.4164335
Drew Hill,63,878 Daniels Villages Suite 038,Tammyland,Washington,99241,93.092919,-42.699263
Joseph Mendoza,32,49290 Mcneil Villages Apt. 993,West Noahborough,Kansas,97959,-153.848596,44.9632435
Jessica Stephens,43,5901 Hernandez Lodge,New Adam,Illinois,39098,-43.038815,-31.5757815
Robert Lewis,54,0229 Julia Trail Apt. 392,Sarahville,Connecticut,37633,130.812567,-49.219123
Edward Powell,36,396 Lester Lodge,Smithhaven,California,83241,148.432903,-49.649352
John Gonzalez,73,327 Miller Plains Suite 607,North Alison,California,21094,5.405996,75.778368
Erik Durham,25,54636 Thomas Hollow Apt. 386,North Lauraview,Massachusetts,21501,29.985264,-47.3809195
Jacqueline Hill,34,912 Michael Branch Suite 659,East Danny,Maryland,88156,-123.479186,37.687260
Lacey Thompson,77,422 York Course,Kevinburgh,New Mexico,55702,-179.903300,18.537731
Bianca Christian,30,65074 Acevedo Plains,Clayview,Tennessee,86992,160.614709,88.960498
Benjamin Koch,80,32732 Hill Ramp Apt. 792,North Michaelmouth,Utah,97844,139.455994,8.0685985
John Reid,41,626 Jessica Overpass Apt. 471,Courtneybury,West Virginia,96494,77.086867,-31.9639735
Andrew Parrish,50,08340 Brandy View,Deckerview,Louisiana,38806,-24.836492,-80.706295
Kevin Bruce,56,981 Dana Cliff,Haasland,Arkansas,32192,-103.825609,-24.2785525
Garrett Lee,30,121 Kenneth Ways Suite 322,Guerreroview,Connecticut,05599,101.777644,60.163725
Sarah Green,53,3007 Sherman Roads Apt. 129,East Nicolebury,Kentucky,07363,-33.831994,-49.6705285
Dylan Lewis,28,7277 Megan Dam,Stephanietown,Wyoming,37994,-5.010411,-20.870842
John Blanchard,69,52148 Brittany Points,East Jason,Wyoming,25517,66.540959,-34.839284
Ellen Suarez,63,33616 Dave Harbors,Port Ginaside,South Carolina,85173,104.528156,-30.230174
Danielle Blackburn,26,08098 Sarah Divide,Huangmouth,Iowa,31574,95.602871,27.7019325
Eric Travis,18,198 Freeman Springs,Port Victoriaton,Kansas,45883,-144.388173,86.7364175
Rhonda Smith,36,996 Mark Valley,Timothyfurt,Colorado,56179,-77.615971,-66.172781
Thomas Fleming,76,718 Jeffrey Valleys,West Christopher,New Mexico,02294,-73.090624,11.6313255
Christine Parker,44,054 Schwartz Ville Apt. 761,North Gregorytown,South Carolina,74817,-34.611602,-85.7360815
Jeffrey Franklin,49,383 Janet Radial Suite 497,East Robert,New Mexico,89745,-4.226635,-31.2615265
Danielle Williamson,75,712 John Cliffs,Lake Alison,Arizona,41487,119.170741,-53.016680
Natasha Zavala,38,417 Robbins Village,New Keithmouth,Nevada,63886,140.446109,13.5951415
Jeffrey Hernandez,50,295 Johnson Highway,Bergerburgh,South Carolina,09213,43.775762,-39.348723
Amber Rivera,44,9188 Jackson Cape Suite 403,Erikchester,South Carolina,44074,-85.360226,27.842701
Michael Martin,50,66528 Matthews Inlet Suite 706,East Eduardo,Iowa,35476,61.599058,-81.842277
Andrew Carter,50,08167 Jared Heights,Mitchellport,Massachusetts,44653,25.500354,-61.3908735
John Fleming,66,047 Ashley Dam,New Joshuaside,Oklahoma,82536,175.448324,75.634678
Edward Kennedy,61,59265 Chase Tunnel,Sandersstad,Hawaii,92355,28.408064,69.1445035
Bryan Ortega,60,966 Meghan Highway Apt. 881,West Marcus,Maine,95095,156.534115,-76.5721865
Ronald Miller,29,316 Vincent Tunnel,South Stephanietown,Louisiana,25489,-43.935365,60.954807
Steven Bullock,49,514 Brian Mountain,West Joshua,Arkansas,64667,-162.623240,87.2250635
Jasmine Martin,23,90250 Gamble Ports,North Sheriville,Wyoming,48825,9.335401,-60.284499
Amy Martinez,74,583 Gallegos Inlet Suite 648,South Georgeton,Kansas,40295,12.725786,-88.8128265
Shawn Davis,69,836 Timothy Burg,Melissaside,Colorado,70565,-85.531051,52.371033
Luis Clark,62,73547 Misty Spurs Suite 671,East James,Virginia,74294,-5.718664,30.206654
Kelly Lee,72,993 Ronald Isle Apt. 028,South Jeffrey,California,83727,-177.936685,-45.597531
Richard Abbott,53,40805 Alexander Squares Apt. 100,Lake Michellebury,Nebraska,31816,118.505457,72.668610
Brandon Johnson,80,074 Spencer Flat,Port Anthony,Arkansas,04393,-51.262688,-2.701588
Jenny Butler DVM,54,578 Lutz Turnpike Apt. 194,Elizabethhaven,Missouri,30857,-37.301361,-33.9952325
Michael Reyes,22,163 Diaz Terrace Suite 759,Thomasview,Montana,34946,135.831274,87.8164605
Robert Clark,61,8462 Schmidt Field Apt. 170,Lake Carrie,Oklahoma,09386,-113.999823,13.822168
Jasmine Mckee,41,112 Valerie Pine Suite 929,Christinaberg,Wisconsin,99126,18.802689,9.2395555
Kathleen Howard,44,67791 Hart Crescent Apt. 249,South Donna,Delaware,53842,-69.914594,-31.3249575
Taylor Cook,18,848 Butler Landing Suite 488,Leemouth,Vermont,50767,31.781029,-30.653126
Rebecca Travis,20,10361 Brown Land Apt. 487,North Jacqueline,Mississippi,91637,-23.843550,17.6152975
Douglas James MD,50,31677 Mclaughlin Keys Apt. 497,Lake Carl,Illinois,29139,-164.491392,50.737550
Amy Evans,47,43006 Jennifer Fort Apt. 499,East Lisa,Kansas,99345,-127.822630,33.870488
Victoria Barrett,24,879 Valerie Lodge Suite 529,Danielborough,Ohio,55792,-74.320489,-71.649231
Kevin Lawrence,69,50913 Bell Haven,Johnport,New Jersey,44957,169.216086,5.301372
Joshua Stone,27,54585 Kathleen Road Suite 444,South Jennifer,Louisiana,91668,-109.419818,14.8035675
Ashley Smith,27,06233 Solomon Turnpike Suite 760,East Adriantown,Alabama,12713,152.231251,44.9233265
Phillip Hobbs,66,62871 Moore Neck Suite 747,Michaeltown,Louisiana,03665,26.995904,-63.8013355
Matthew Rodriguez,18,41024 Romero Coves,West Kristineberg,New Hampshire,01223,132.105549,-74.648843
Alexandra Wagner,64,64770 Holly Run Suite 625,South Valerieshire,Montana,07005,131.159912,21.253239
Adam Smith,33,41163 Hester Run,Ryanborough,Idaho,09934,-88.035202,71.9655015
Timothy Irwin,31,27380 Rice Valleys,West Debbie,Maine,10846,28.623001,-87.5071415
Alyssa Morrison,61,3480 Smith Cape,Lake Nathan,South Carolina,18778,-75.025281,1.3947355
Mary Parsons,64,838 Gary Underpass Suite 036,Joshuatown,Wisconsin,86976,118.681873,60.443759
Robert Sparks,23,29828 Cooper Shore,Gillchester,Vermont,25044,-2.098574,45.0069225
Paul Warren Jr.,37,7480 Howard Extension,Cynthiashire,Nevada,55553,72.299420,-50.315767
Brittany Ewing,56,1828 Jennifer Heights,Waltersshire,Washington,64791,60.106651,18.4266465
Jackson Smith,62,6948 Stevens Fall Suite 717,Santanaport,Nebraska,84316,138.087302,-82.1044505
Gabriela Guzman,34,854 Ray Viaduct Apt. 409,New Amandaborough,Arkansas,55281,61.800518,-84.2422315
Joshua Morales,80,187 Kayla Mill Apt. 248,West Cynthiachester,Alaska,55807,-102.544759,-38.685522
Tammy Evans,30,5849 Lisa Locks Apt. 535,Shellymouth,Kentucky,22928,-89.385676,80.7749905
Austin Olson,48,79616 Jeremy Inlet,North Jenniferbury,Montana,01374,112.429307,10.455634
Laura Perry,46,226 Brenda Gateway,Markland,Alaska,94521,90.223600,6.699142
Rhonda Burgess,48,6765 Byrd Pike,Greenborough,Indiana,17821,-102.943098,-69.5328905
Keith Morris,56,97882 Spears Summit Suite 650,Patriciamouth,New Hampshire,04878,-118.159108,-51.0282255
Lisa Wright,68,324 Diaz Viaduct,West Jasonstad,Vermont,61229,-156.511342,-42.3280365
Daniel Rios Jr.,27,618 James Skyway,Sandraside,Louisiana,99846,82.061077,-88.474994
Crystal Cox,66,0546 Keith Lodge Apt. 702,New Theodoreberg,North Dakota,54379,-139.761447,-33.673865
Christopher Montes,66,790 Samantha Land Suite 681,Port Debraborough,North Dakota,06474,-137.543883,-86.112353
Robert Cole,34,9207 Welch Drive Apt. 196,West Johnchester,Utah,08627,110.598645,59.752952
Rhonda Webb,80,6088 Andrew Motorway,West Mario,Pennsylvania,02750,118.957071,-50.2852005
Susan Walker,47,16482 Garrett Center Apt. 924,Fredhaven,Massachusetts,55698,-75.472920,63.1353425
Kyle Mccullough,45,19826 Zhang Knoll,Port Jennifermouth,Missouri,27767,102.598237,39.649900
Laura Thompson,72,04311 Patricia Plaza Apt. 078,New Autumn,Mississippi,99781,0.613553,13.5015765
Shelby Brown,64,1065 Gary Roads,East Wesleyburgh,Massachusetts,30641,-48.349946,82.1637935
Steven Johnson,25,710 Melissa Harbor Suite 373,Port Dominique,New Mexico,63012,126.227441,37.215498
Christopher Larson,76,676 Peterson Square,New Terry,Arkansas,79233,23.038587,-46.784271
James Anderson,50,462 Haley Place Apt. 228,Jonathanton,New Mexico,32641,-68.288463,-43.013155
Karen Ramirez,78,04487 Mendez Manor Suite 868,Prestonfurt,West Virginia,43621,-54.019955,-17.4037455
Latasha Meyer,34,31742 Levy Meadow,New Monicaview,New York,62851,-102.448799,-16.195230
Timothy Porter,23,3497 Jones Trail,Port Carrie,Kentucky,41098,-95.935157,88.795732
Gregory Gonzalez,74,80710 Mark Canyon,Port Wayne,Nevada,45254,-47.278289,-10.1917155
Kathy Coleman,54,96221 Lisa Forge,New Ashley,South Carolina,71301,121.221713,-66.595666
Angela Porter,40,2882 Smith Manor,Ellishaven,South Dakota,49678,-55.894784,2.268656
Jason Hodges II,63,57288 Lisa Vista,East Thomasside,Tennessee,49603,-33.369937,67.5709655
Jay Hays,57,273 Woods Extension,New Josephland,Delaware,62634,2.827977,55.0876025
Ms. Sarah Manning DVM,54,82923 Sara Crescent Apt. 571,Jordanchester,Arkansas,60266,106.883082,81.5067725
Susan Sexton,79,31497 Rebecca Motorway Suite 882,West Jordan,Indiana,25517,124.215857,-72.7156235
Linda Cooper,41,329 Griffin Pike Suite 472,West Annette,Vermont,44335,45.291327,70.6737675
Darryl Hayes,51,26268 Carolyn Divide Apt. 921,Elliottmouth,Oregon,73214,-171.851884,88.7588135
Victor Miller,24,031 Joseph Ports,East Christina,Virginia,74393,126.914146,-46.310868
Nicole Wilson,21,9964 Gill Stravenue,West Alexander,Colorado,60343,94.974871,-75.166067
Dawn Leonard,34,5586 Walters Estate,Brockhaven,North Carolina,20087,-43.699136,59.4078795
Kristina Welch,77,384 Roberts Tunnel,Kellyton,Kansas,68074,-78.511905,21.045181
Steven Miranda MD,35,564 Snow Mill,Lake Sabrinastad,Wisconsin,94507,-27.844899,43.615621
Scott Jordan,65,72454 Torres Crest Apt. 859,Martinfort,Nevada,66685,-63.480608,82.776999
Jose Delgado,39,7030 John Crescent,Caseymouth,New Hampshire,11501,-56.243703,-68.978510
Stephen Marsh,78,15237 Amy Roads Apt. 140,Charlesside,California,31210,-109.521698,78.464868
Terri Vincent,44,1462 Adam Throughway Suite 720,Michelleland,Alaska,56102,-128.494787,-54.722648
Rebecca Cervantes,41,3362 Stewart Forges Apt. 899,New Scott,Massachusetts,60245,57.019248,-21.723279
Brooke Moody,51,9826 Jennifer Lane,South Caitlynberg,Wisconsin,59840,60.571359,27.8898385
Christina Walter,75,74099 Davies Lake,Hannaville,Pennsylvania,69512,-68.666395,53.845196
Michael Clark,64,921 Anderson Corners Apt. 723,Gonzalezport,Kentucky,59708,73.181327,-89.159268
Kyle Gonzalez,49,0579 Byrd Plaza,Lake Barbara,North Carolina,42980,8.414519,22.508709
Brandon Nelson,59,3380 Allen River Suite 813,Williamsmouth,Wisconsin,16700,-3.235592,-83.4311935
Jason Hamilton,43,01565 Nelson Falls Apt. 032,Hatfieldmouth,Florida,53717,-69.048728,-1.872048
Carolyn Jordan,67,533 Galvan Forest,New Scott,Wisconsin,81535,54.550067,10.0384275
James Williams,74,58679 Donald Garden,Stanleyburgh,Wisconsin,44371,3.480028,44.782453
Matthew Navarro,42,5398 Ramsey Fields Suite 030,Lovefurt,Oklahoma,95338,120.309022,-61.5490905
Brian Fry,26,923 Snow Harbors Suite 397,West Maurice,New Mexico,79630,28.938327,-66.6183435
Stephanie Noble,46,418 David Cove,Port Ashley,Georgia,11649,-172.574924,32.2956165
Jamie Johnson,39,2249 Patricia Skyway,South Brianborough,Idaho,90177,103.310051,84.2370025
Katie Bond,69,2424 Smith Garden Suite 152,Wellsmouth,New Hampshire,70535,114.853094,45.2108415
Samantha Berry,32,784 Angela Ways Apt. 577,Brianaburgh,Mississippi,03950,-119.294180,42.7037505
Monique Johnson,32,454 Scott Circles,Fullerfort,Florida,04079,-70.891672,-74.6791215
Regina Oliver,24,832 Chang Valley,Lake James,Oklahoma,68907,124.330876,4.5187635
Michael Yates,71,964 Conway Land Apt. 814,Adamhaven,Iowa,64572,154.355364,-25.9174145
William Brown,34,76603 Scott Plains,Port Robert,California,90761,35.528281,-72.9756635
Jeff Casey,59,368 Nichole Flats,Torresberg,Missouri,16377,-83.265550,-78.4678135
Amy Zavala,33,68702 Andrew Hollow,Pollardmouth,Rhode Island,62738,160.804187,80.653435
Leah Garcia,49,73214 Martinez Expressway Apt. 700,East Heatherborough,Colorado,81301,-120.703588,18.0422085
George Taylor,67,8116 Jessica Burgs Suite 267,Lake Sabrina,California,85384,-122.557431,-12.7395395
Jessica Gordon,38,19560 Heather Isle Suite 317,Valdezland,Mississippi,87275,9.573901,39.749822
Zachary Hartman,64,7867 Tucker Meadow Suite 885,West Timothyhaven,Nevada,82954,112.153513,85.9578235
Brandon Miller,21,43578 Brown Groves Apt. 992,Mistyfurt,Oregon,42473,90.038852,42.729776
Austin Davis,53,890 Gray Common Suite 034,Lake Jeremyburgh,Mississippi,61661,83.259034,-19.3824405
Felicia Ward,58,717 Fisher Pike Apt. 660,West Julie,Indiana,40716,-71.365395,-70.3536145
Benjamin Hernandez,69,18055 Jorge Square,South Richardfurt,Missouri,61225,-113.223715,38.2225965
Michael Villegas Jr.,42,37652 Amy Trace,West Marvinmouth,Iowa,08882,86.582508,-38.977934
James Espinoza,48,0363 Dennis Forge Suite 866,Ambermouth,Ohio,88787,42.457528,-19.185843
Kelsey Cross,37,103 Johnson Squares,West Denise,Maryland,95772,-13.810513,26.6590885
Jonathan Woodward,22,57340 Nicholas Skyway,South Teresaburgh,Ohio,85625,-75.285427,-1.253865
John Garcia,41,8768 Hansen Port,Waltersshire,Kansas,97719,71.571672,-78.3758765
Brittney Soto,25,39490 Kenneth Ford Suite 744,Port Melissamouth,Hawaii,25699,-179.907697,-82.0086415
Andrew Lawrence,23,1202 Ruiz Stream Suite 881,Patrickfort,West Virginia,02569,-127.762600,-10.4621315
Elizabeth Mclean,76,2041 Delgado Corners,Allenberg,Alaska,93251,-125.259760,52.718377
Michael Mason,58,7129 Joseph Tunnel Apt. 584,Taylorland,Georgia,58128,149.419318,28.3429825
Stephen Arnold,24,3990 Deanna Drive Suite 155,Lake Aaron,West Virginia,78254,24.498362,-81.488986
Jesse Campbell,75,267 Bray Green,South Rodneyland,Idaho,62573,-5.487170,-19.6043615
Brian Miller,63,26961 Rivera Coves,Maureenfort,North Dakota,65482,-159.038298,-85.587230
Richard Hull,64,534 Carter Rue Suite 703,Samanthamouth,New Hampshire,91921,-144.432849,-27.045622
Gary Walls,44,08644 Harris Club,West Megan,North Carolina,60557,167.671444,27.0436465
Juan Bush,37,6571 Vargas Cove,Lake Kevin,Idaho,03255,159.294277,-33.319726
Donna Lane,39,890 Johnson Summit,Kellyton,Pennsylvania,11380,-53.805027,-40.638196
Carl Reed,43,41757 Michael Track Apt. 281,New Karen,West Virginia,45855,18.122774,-2.6740935
Vanessa Edwards,30,864 Susan Stream Apt. 573,Davidbury,Maryland,16444,-113.002619,-57.3176955
Hannah Smith,34,27351 Martinez Glen,Luischester,Nevada,17418,54.410832,-68.0184485
Nathan Austin,30,327 Angelica Canyon,Jasonport,Mississippi,72993,-91.009702,-36.626500
Nathaniel Leach,57,4546 Amy Stream,Carsonfurt,Michigan,21729,163.642971,-17.3151385
Gloria Phillips,41,8733 Roberts Prairie,Jasontown,Kentucky,42760,-98.288958,28.5980655
Nancy Vasquez,32,26365 Blankenship Parkway Suite 630,East Jeremiah,Maine,18065,9.371220,3.0953495
Jeremy Lawrence,36,8515 Anderson Plains,Hernandezhaven,Mississippi,77791,-91.219680,73.5569205
Robert Green,61,192 Ramirez Trail Suite 760,Adamsberg,Wisconsin,68772,-10.707723,-54.706721
Beth Hall,41,29567 Thomas Court,Port Christopherborough,Hawaii,84543,-88.596036,37.585016
Carrie Soto,64,664 Harrell Bridge Suite 519,Port Megan,Maryland,81601,-142.167007,66.5811235
Scott Bush,74,0986 Joseph Via Apt. 426,West Aliciafurt,Maryland,19097,-24.707674,22.450243
Peter Davis,36,78962 Ronald Parkways,South Sydney,Georgia,52037,152.645767,-7.004328
David Kent,69,835 Fisher Island,Amandafort,Massachusetts,64530,53.385241,74.3444745
Ryan Peterson,67,85352 Stacey Drive Apt. 468,Robertfort,New Hampshire,69780,145.162074,45.7661345
Leonard Snow,79,860 Derek Throughway Suite 681,New Brittneyberg,New Jersey,38282,137.809518,11.998607
Victoria Mann,26,7696 Richard Mission,Jamesfort,Nevada,56968,-9.376393,30.293975
Ian Thomas,58,9297 Steve Avenue Apt. 364,Tracymouth,Colorado,65216,67.745295,51.078898
Lisa West,44,9525 Christina Canyon,Adamschester,South Carolina,26867,59.122381,44.1455045
Timothy Lawrence,43,57679 Ayala Canyon,Morabury,Minnesota,11356,-5.775876,-30.187685
David Jimenez,69,9371 Clarke Prairie,Vancehaven,Florida,82890,-162.896952,50.8323685
Nicholas Alexander,40,2112 Ashley Valleys,East Kathleen,Montana,37595,-117.556237,-30.7864555
Dawn Shelton,37,0792 Daniel Ports Apt. 558,West Dawnport,Maryland,22026,-77.576966,-76.862048
Lee Barton,44,1862 Gregory Gateway Apt. 589,Michaelburgh,Michigan,52657,-158.053366,11.8439185
Molly Bonilla,38,12846 Clark Forges Apt. 704,Lake Dwayne,Tennessee,88019,55.834725,-62.738427
Amber Wilson,64,89646 Michelle Forks,Dylanhaven,Nebraska,63749,177.868841,88.1384295
Shawn Turner,22,60810 Cheryl Gardens,East Christy,Wyoming,92780,109.755414,-76.202371
Lisa Taylor,26,91824 Williams Rapids,South Isaiahton,Alaska,25820,6.157188,-20.8118105
Jason Garrett,44,12119 Jennifer Shore,Tonimouth,California,30391,18.891175,-18.442811
Anthony Wells,74,87321 Paige Expressway,Robertburgh,Oregon,26844,-147.134947,69.7257485
Maria Hall,45,1762 Michael Plains Apt. 011,Carlview,Missouri,40371,171.322642,10.9926005
James Johnson,23,6971 Rivera Corner Suite 509,Blackburnhaven,Delaware,15336,147.058378,-53.576910
Kathleen Jones,52,53257 Alexis Trafficway Suite 888,Port Patrickborough,Arkansas,33889,-106.685842,-3.8809505
Angela Webb,22,229 Parker Ridges Apt. 532,Monicaland,Nevada,51775,-14.766630,80.744598
Cody Holmes,26,9092 Julie Turnpike Suite 173,East Brian,Nebraska,38382,-129.824016,-70.5645515
Antonio Green,62,025 Howard Spur Apt. 693,Huffburgh,Florida,32083,109.465315,-22.764185
Anthony Watkins,34,612 Brett Field Suite 122,Harrisfort,Alabama,33650,-13.185812,59.1206625
Andre Winters,35,786 Brian Plain,Stricklandchester,Illinois,65385,-134.057110,46.2957615
Matthew Rodriguez,53,551 Schmitt Orchard,Jeffreybury,Wyoming,09962,-170.629703,-3.088976
Sean Willis,53,559 Janice Plains Suite 566,East Melindaberg,Kansas,91323,-31.482619,-23.624511
Lindsey Mercer,71,819 Ford Squares,New Lindsey,Rhode Island,29063,-92.773174,79.0223615
Renee Peterson,26,661 James Wells,East Jakemouth,Minnesota,70120,114.685273,-21.971875
David Brown,70,54445 Alexandra Shoals,Nguyenside,South Carolina,62989,84.785806,-71.6192155
Gregory Figueroa,56,0603 Hall Valley Apt. 090,South Amandahaven,Massachusetts,61696,116.033308,73.426069
Susan Deleon,48,99793 Robinson Passage Apt. 017,Fisherfort,Wisconsin,89729,-129.930912,23.753018
Joshua Hutchinson,46,425 Katherine Pine Suite 067,North Emmachester,Connecticut,31081,118.798413,-10.867110
Austin Harris,69,867 Arthur Parkway,New Pamside,Nebraska,73439,31.736381,16.6085345
Janet Gardner,20,551 Rogers Green Suite 511,Port Sarahside,Utah,72774,-113.053545,-79.091550
Mary Benson,68,3348 Cisneros Meadows,Thomasborough,Indiana,25297,108.296921,11.7094715
Steven Sims,48,207 Glover Islands,South Jillfurt,Michigan,61311,-38.499562,3.1406055
Charles Ponce,66,913 Sherri Hollow Suite 765,East Courtney,Oregon,31974,66.052394,-28.850156
Whitney Craig,33,53585 Charles Key,South Kimberly,Oregon,91088,-120.472099,-61.8728005
Nichole Ware,70,194 Martinez Cliff,Mariaview,North Carolina,51848,-162.414346,-73.379082
Kelly Ray,34,72989 Pugh Station Suite 693,Port Michael,Wyoming,95988,134.114137,12.4099825
Joshua Ellis,44,006 Summers Expressway,Port Scottburgh,Delaware,69742,122.799144,-31.5162225
Erin Robinson,41,516 Sierra Lights Suite 490,North Ashleehaven,Alaska,94593,125.956157,-79.1849475
Joseph Stuart,66,682 Arellano Villages,North Tammychester,New Hampshire,33826,-30.819346,-17.013040
Jessica Fitzgerald,62,8268 John Stream,Port Katieborough,Nevada,28567,141.909124,-40.127635
Amber Williams,49,4573 Daniels Throughway Suite 392,Padillafort,South Carolina,84897,117.657009,39.1026915
Cole Watts,31,38834 Lin Lakes Suite 132,North Lisaberg,New Jersey,19251,141.169415,-72.6544045
Eric Roberts,30,48124 Alison Flats Suite 723,Lake Alexander,Delaware,87958,52.084740,81.189868
Mary Harvey,31,3925 Lamb Streets Apt. 438,West Jesusview,Colorado,53658,69.202631,-37.2756135
George Martin,18,694 Lisa Village,North Crystal,Hawaii,49495,-82.421580,71.486589
Michelle Stewart,32,71855 Brian Cliffs,Greenland,Michigan,32023,97.952280,25.023152
Philip Ruiz,66,95245 Sandy Burgs,South Jo,Iowa,47882,174.724544,-37.168874
Theresa Williams,31,24661 Allen Manors,Ramirezhaven,Maine,73427,146.984879,-43.177608
Ashley Jones,50,6892 Stanley Unions Apt. 671,Courtneyborough,Oregon,66946,-175.271459,-72.259613
Michele James,65,3818 Mcmahon Hollow Apt. 246,West Christopherfurt,Nevada,14743,168.255904,17.7190815
Paula Rice,73,153 Yesenia Lane Apt. 314,Port Brianport,Georgia,53538,-65.973184,-74.3974605
Harry Barron,39,87861 Bruce Brook Apt. 689,Rickyfurt,Missouri,46640,-136.497957,-50.885716
Christopher Garcia,53,51158 Hernandez Views,Gibbsshire,Georgia,63602,149.677739,-5.1693095
Brandon Lee,63,6103 Garza Street,Perezshire,Pennsylvania,96381,27.139683,4.493943
Sylvia Blackburn,38,50554 Felicia Green Suite 634,New Johnborough,Vermont,43870,80.013305,-89.2226765
Charles Harding,50,97753 Wolf Loaf,Jamesbury,Utah,35980,99.934515,49.6060375
Sara Davis,77,666 Lindsey Alley Apt. 886,West Alexanderborough,Massachusetts,35179,-115.792571,-26.8536915
George Martin,26,7037 Jason Crossing Apt. 138,Brettmouth,New Hampshire,40842,39.400447,-64.474804
Donald Drake,64,7170 Susan Motorway Apt. 423,Sullivanport,California,75024,147.730072,75.367658
Joshua Turner,27,9926 Krista Parkway,Natashachester,Pennsylvania,73012,46.254296,-81.863379
Kathleen Yang,25,7479 Jessica Knolls,Garciaside,New Hampshire,59199,-99.376690,74.637701
Walter Johnson,48,69767 Patel Route Suite 673,Dunnborough,Idaho,67562,122.315731,15.709675
Madison Nelson,76,7369 Hall Plains Apt. 834,Melissabury,Wyoming,88391,-109.095761,71.3243495
David Smith,44,997 Brandi Ports,South Hollyside,Rhode Island,72291,97.531382,42.250621
Kyle Carter,72,7091 Vicki Bridge,Beckerton,Arkansas,44660,105.621011,-84.323850
Kevin Nichols,21,160 Mary Creek Suite 127,South Meganberg,North Carolina,96540,-49.335200,83.1283755
William Taylor,62,228 Howell Divide,Clementsmouth,Georgia,40413,-157.113842,40.355252
Kimberly Garcia,69,7221 Elizabeth Loaf,Shannontown,Delaware,37739,-174.579284,-70.6897425
Cheryl Page,22,36000 Teresa Ways Apt. 794,New Daniel,Alaska,15676,-86.391962,2.8297735
Dawn Gibbs,30,3498 Brittany Via Suite 947,Markbury,Washington,98595,102.356450,-1.1665875
Robert Lindsey,39,3731 Willie Meadows,New Tannershire,Wisconsin,95515,68.522990,4.6663595
Sabrina Olson,48,461 Riley Shoal Suite 181,South Jasmineshire,California,58212,-88.863971,47.823474
Jennifer Duncan,72,71703 Williams Lake Apt. 380,Joneshaven,North Carolina,82332,-6.123920,-59.4114615
Edgar Marshall,61,775 Sanchez Islands Suite 311,New Suzanneborough,New Jersey,99309,160.122053,58.461964
Jennifer Tucker,69,9499 Ronald Brooks Suite 476,East Lisaport,South Dakota,54969,60.677599,-79.070890
Jeffrey Duran,77,5261 Barbara Mount Suite 166,Wilsonborough,Arkansas,81408,160.505364,75.018467
Brandon Rodriguez,52,223 David Groves Apt. 219,East Jessicaside,Indiana,96057,-152.659528,-27.890016
Charles Robinson,39,53746 Sean Fort Apt. 538,West Lindamouth,Maine,91339,-46.333939,81.6861085
Lisa Pittman,54,236 Avery Gardens,Roymouth,South Carolina,14299,-130.312780,10.1875225
Janet Henson,60,70464 Thomas Center,Amandafort,Oregon,96117,98.933338,-58.099451
Robin Morse,39,7707 Ramos Burg,East Ruben,Kansas,87660,-170.309476,25.705235
Michael Joseph,80,15094 Acevedo Estates,Keithview,Arizona,53620,52.060930,-36.508918
Nicholas Willis,74,61761 Zimmerman Expressway,Lake Carolyn,Indiana,45118,31.678982,-46.7488315
Matthew Shaffer,80,490 Hoffman Springs Apt. 521,Popetown,California,70424,-96.885775,21.881859
Adrian Ramirez,65,29534 Johnson Burgs Apt. 537,South Ronald,California,58930,6.766477,55.395263
Jennifer Peterson,22,890 Michele Way,Port Kristinaview,Delaware,54795,68.743011,82.6058755
Anne Robinson,50,1900 Carrie Loop,East Richardtown,Tennessee,75044,98.303699,43.5113185
Donald Brandt,31,32151 Rhodes Mission Suite 818,Lake Danny,Kansas,79869,77.956112,2.828089
Kathleen Munoz,30,9542 Jenkins Flats,Port Elizabeth,Indiana,27225,15.374204,-33.838252
Krystal King,35,6826 Santos Locks Suite 101,Aliciaton,Wisconsin,69401,165.957986,-82.0254395
Douglas Nelson,36,420 Vicki Stream,Espinozaborough,Virginia,48395,-170.897705,-27.5584925
Joanna Martin,76,612 Ramos Rapid Suite 539,Andrewside,Oregon,68944,75.935513,33.004423
Mark Ward,51,87160 Ferguson Views,Hermanview,North Carolina,08824,161.547663,-50.2628485
Susan Mills,71,61938 Jessica Parks Apt. 084,Kelseyton,Maine,22660,91.832804,-28.649683
Peter Martin,64,037 Obrien Divide,West Derekshire,Connecticut,18856,-125.184668,81.577873
Susan Perez,41,13238 Deleon Brooks,Stephenton,Wyoming,23361,-158.955075,11.8439835
Joseph Goodwin,59,2952 Thomas Ports,Rodriguezborough,Ohio,25680,50.592607,-20.3852805
Erica Sloan,20,9366 Turner Field,East Davidstad,Nebraska,76847,174.992434,6.1524565
Janet Moore,43,24307 Casey Springs,Dayborough,New York,97261,91.023906,-57.409106
Rebecca Conley,78,34363 Julie Center,Mackburgh,Ohio,85872,121.056469,-23.7379545
Sherry Alexander,29,7261 Mcdaniel Estates,North Emilyhaven,South Carolina,90859,-150.763251,-74.755430
Randy Decker,70,60304 Elizabeth Forge Apt. 525,Kathrynshire,Oregon,81974,-143.037072,7.374556
Keith Davis,28,60181 Horn Center Apt. 831,Richview,Alaska,59011,70.417606,55.239704
Miss Allison Browning,22,361 Rebecca Isle Suite 716,East Sandra,Kansas,22905,-109.598036,33.0997135
Justin Nelson,34,69598 Sarah Pass,Port Ronnie,Idaho,65396,-143.911103,59.544947
Katrina Cook,43,0326 Phelps Cape,West Erica,Alabama,38406,62.740034,33.1515905
Natalie Kim,31,54865 Kimberly Streets Apt. 427,Brandonhaven,Ohio,48417,-157.361189,-39.1020415
Stacey Fuentes,66,427 Lewis Brooks,New Cassandraborough,Mississippi,80912,100.350912,-33.729413
Shannon Martinez,22,242 Dunn River,Cochranfurt,Ohio,27543,-87.189935,-26.4213875
Jay Jackson,22,7662 Bowman Shoal,Crawfordchester,Mississippi,92671,73.721614,-74.437658
Christopher Lopez,40,8656 Cristina Plains,Adamsport,Virginia,60930,-10.871777,-76.200962
Diane Stephens,72,2574 Bennett Summit,Williamsstad,California,08192,-19.868770,-40.870363
Robert Chavez,47,7305 Parker Port Suite 251,Meyerport,Kentucky,06996,-109.551095,-71.5833885
James Jensen,23,9543 Daniel Shoals Suite 394,Port William,Utah,24203,75.710245,47.1303025
Amy Crawford,76,1726 Joseph Shore,Schmidtfurt,Texas,72574,65.226841,-16.6524485
Samantha King,63,930 Johnson Plain,Adamston,North Dakota,78689,-147.603340,60.9047245
Raymond Moore,19,088 Michael Hollow,Jilltown,Indiana,32379,104.097881,-35.686745
Alyssa Scott,33,90876 Jessica Ferry,Port Leviland,Rhode Island,35977,-116.892135,27.3155905
Dominic Gray,74,455 Ashley Stravenue,Christinemouth,South Dakota,09013,-171.369917,32.137892
Gary Robinson,57,05062 Tucker Inlet Suite 345,Lake Brad,Michigan,21873,-175.513720,34.330402
Kristin Burgess,67,79566 Jason Field,Patrickview,Alabama,18226,-170.783743,58.2553885
Edward Mccoy,32,75854 Anne Greens,New Charlotte,Colorado,83233,-55.980254,69.453106
Brittney Hill,61,6173 Richard Ford Apt. 684,Webermouth,Florida,40549,-136.771302,-81.461800
Justin Cortez,44,087 Payne Walks Suite 695,West Elizabethview,Ohio,00808,82.717290,-48.195723
Sara Smith,69,3673 Kristi Neck Suite 609,North Nicole,Vermont,69952,-115.120542,66.168174
Patricia Stanley,31,8190 Parrish Path Apt. 099,West Teresa,Florida,93322,21.695993,-86.677391
Mark Patterson,33,6361 David Throughway Apt. 464,East Jeffrey,Hawaii,07384,75.115548,67.808688
Martin Cervantes,25,967 Villanueva Land Suite 648,Heatherside,Wisconsin,49242,142.083914,63.581733
Alex Rodriguez,37,30753 Tracy Pass,Matthewfurt,Oregon,34439,126.901539,-36.792811
Scott Carr,57,91627 Katherine Shoals,West Kathleen,Kentucky,43124,-11.848588,-87.8480235
Wendy Saunders,27,31047 Stanley Springs Suite 244,Josephmouth,Montana,24346,-174.343068,15.655628
Sean White,22,2391 Jonathan Bypass,Murphymouth,Maine,60376,-103.669700,54.6716465
Michael Mitchell,23,7727 Thomas Mountain,Victoriafurt,Wyoming,95727,-20.487712,67.444001
Nicole Martin,43,0369 Wallace Square,Jennahaven,New Mexico,51217,42.401636,-9.8155095
Brad Schultz,41,255 Amber Creek,Port Edward,Hawaii,64595,-26.735262,-72.0626295
Jamie Taylor,55,45140 Erika Stream,New Ashleystad,Minnesota,28894,-99.476393,-35.801702
Steven Morales,58,5220 Barbara Hill,Port Leonard,Maine,96557,51.613029,-5.235383
Lori Jackson,79,3878 Collier Groves Apt. 598,Lake Marc,Illinois,36206,52.325929,-15.610407
Sarah Patterson,36,54065 Caldwell Cove,New Beverlyview,Kentucky,73777,73.997196,78.0307275
Kimberly Montoya,19,4740 Johnson Court Suite 417,Port Carloshaven,Alaska,73239,110.634589,4.3835125
Danielle Greene,68,2591 Evans Land,Liufort,Indiana,09471,-37.036411,59.369741
Karen Stanley,21,89948 Michael Stravenue Suite 580,West Cindy,Arizona,57383,-41.832962,-65.338979
Michele Burns,46,06219 Castro Isle Suite 230,East Randy,Indiana,51743,63.127752,41.801274
James Foster,53,32975 Rebecca Summit Suite 141,North Aprilchester,Colorado,86066,-127.671548,59.7718915
Aaron Moore,46,724 Cobb Valleys Suite 460,Andrewview,Indiana,41320,-55.072769,-29.188797
Robert Hernandez,29,799 Patricia Hills Apt. 277,West Jacob,Missouri,45389,-151.733406,27.148332
Heather Foster,44,380 Hannah Landing Apt. 596,Adamsbury,Vermont,19133,-33.236146,38.4453225
Margaret Silva,47,12175 Green Avenue,Morganmouth,Mississippi,45351,-136.775551,-69.233004
Shane Mccormick,40,69532 Johnson Brooks,Mitchellside,Illinois,61862,-46.530503,-4.143699
Samantha Brown,67,1656 Chapman Manors,North Kevinhaven,Maine,07006,-171.852226,19.136317
Ashley Carrillo,46,83128 Vicki Crest,Chelseaview,Connecticut,14711,-112.322423,39.7810775
Spencer Singh,32,9695 Melissa Corners Suite 534,West Stevenside,Colorado,72215,47.969402,68.571133
Jonathan Mack,52,150 Haas Spur,North Christian,West Virginia,61783,106.294854,-68.9531125
Tiffany Hunter,68,78436 Joshua Burg Apt. 462,Chadburgh,Maine,23209,105.704349,-13.682121
Jonathan Shah MD,80,0846 Christina Rest,Lake Morgan,Utah,90038,83.812568,-6.415956
Clayton Rice,38,6553 Herring Island Apt. 578,Knightberg,Arkansas,56000,115.820702,89.7259065
Diana Todd,76,764 Villarreal Center Apt. 549,Lake Deannafort,Georgia,71289,-86.770133,-59.1336065
Adam Thompson,22,290 Jon Mews Suite 026,Carrilloberg,Iowa,92590,-94.076544,-40.189891
Whitney Baker,71,8753 Carl Meadows Apt. 137,South Kathleen,West Virginia,04102,-129.711263,-74.289695
Eric Gaines,54,4478 Paul Park,Alexanderstad,Connecticut,07819,1.332242,-62.688940
Cody Smith,67,57274 Anderson Stravenue,Lake Leslie,Alaska,79517,-49.378147,-70.2726585
Christopher Swanson,41,596 Patrick Terrace Apt. 969,New Stephanie,Georgia,31733,159.420524,-3.6392415
Shannon Acosta,77,0427 Martinez Villages,Lake Ian,Montana,87292,-56.165800,1.6331745
Erika Turner,43,1334 Johnson Cove Suite 947,Robertview,Virginia,79988,103.878883,-83.555573
Brandon Pearson,79,1513 Adam Crossing Suite 516,Edwardland,Missouri,72844,-67.769115,19.2350665
Thomas Ritter,78,43548 Moore Row,Dennisshire,New Hampshire,43784,131.023624,89.976703
Kenneth Hill,75,86368 Fuller Squares Suite 101,Ingramchester,Idaho,85171,37.667872,-46.8086455
Taylor Hurst,65,18573 Natalie Shores,North Stacy,New Hampshire,74379,-166.573136,2.8843765
Mario White,36,50078 Randy Mountains,East Tracy,Louisiana,60878,-160.145307,48.0104265
Thomas Wolf,72,098 Chung Path Apt. 102,East Derek,Idaho,95382,85.594617,54.259522
Kevin Joyce,18,68739 Madison Fords,Markport,Nevada,12450,-53.404977,-57.6752315
Randy Gardner,45,634 Justin Tunnel Suite 636,Aprilberg,North Carolina,41022,-127.630044,-71.926410
Tammy Ritter,71,59663 Chandler Ferry Suite 943,Port Rachaeltown,Texas,53441,-16.209711,-39.990600
Kenneth Miller,31,408 Brooks Cliffs,Marcushaven,Montana,57552,-3.787023,-37.179465
George Foley,59,7882 Powell Cliff Apt. 743,Millerview,South Dakota,30209,53.893554,0.5508465
Chad Washington,20,6319 Phyllis Tunnel,Kennethhaven,Tennessee,54012,-162.640427,50.866148
Rachel Phillips,68,849 Sims Place Apt. 406,Lake Mark,New Hampshire,85446,-71.178301,51.4370405
Amber Herrera,66,29419 Gray Ford Suite 718,Garzaland,Maine,66713,82.312811,-83.8858945
Pamela Chapman,44,9728 Melinda Place Apt. 671,Marymouth,Delaware,90757,30.592852,0.623957
Debbie Delgado,78,140 Lin Alley,South Danielle,Arkansas,54472,-64.230624,30.4441365
Kimberly Turner,34,99365 Carroll Inlet Apt. 709,Port Brandonberg,Wisconsin,33322,147.696098,-39.985848
Jason Tran,21,882 Esparza Avenue Suite 358,Mossstad,Wyoming,62777,99.229885,-36.1159945
Jack Sellers,41,27779 Garcia Springs Suite 233,East Darlenemouth,Arizona,44397,-39.964790,-81.8689455
Shelly Cross,79,26490 Stephen Isle,Port Stephanie,South Dakota,45273,171.283630,78.6054035
Ms. Amy Santos MD,18,339 Houston Fall Apt. 053,New Rebeccahaven,Florida,27595,152.956157,-85.2810845
Krista Jones,27,0728 Green Row Apt. 077,Port Ariel,Colorado,07603,177.023758,-84.0790565
Joel Holmes,37,153 Renee Mountain,Amberchester,California,22735,-55.662837,70.1139335
Ian Wagner,51,8668 Carol Gateway,Port Robinland,Vermont,13465,150.524800,-26.9618215
Joseph Riley,59,8485 Rose Circles Apt. 671,New Joel,California,26198,-164.879898,-12.4349805
Joel Abbott,20,323 Mcgee Parkways Apt. 707,Cranefort,New Mexico,34110,64.921086,64.8558535
Angela Schultz,50,093 Carter Knolls Apt. 161,Vargasshire,Rhode Island,53285,-61.726724,81.386031
John Burns,60,57467 Flynn Prairie Suite 085,Scottburgh,Colorado,48792,-136.974765,22.735777
Michael Patterson,31,4180 Deleon Locks,Dickersonstad,Oklahoma,27901,51.970125,57.8406815
Michelle Fisher,38,452 Andrea Dale Apt. 491,Jordanbury,Oregon,71259,-72.725410,4.320544
Judith Haynes,33,198 Maxwell Landing,Claudiashire,Oklahoma,83476,-120.736421,-84.4250865
Jamie Flowers,79,7615 Bennett Fork Suite 718,Curtisstad,Maryland,18409,55.217789,37.7753115
John Carey,30,46974 Jones Crossing,Simsfurt,Florida,09021,-67.064696,29.564520
Steven Gray,38,1607 Ashlee Highway Apt. 624,West Colleen,South Carolina,36452,123.478450,63.776799
Amber Schwartz,44,1817 Samuel Valley Apt. 341,Matthewburgh,West Virginia,68272,-148.598108,87.5603835
Adriana Pennington,62,386 Baker Corners,Solomonstad,Colorado,80555,141.707688,76.7707185
John Williams,71,29306 Campbell Hill,Rossville,Louisiana,15292,118.531925,-25.747095
Matthew Johnston,71,2579 Katherine Falls Suite 494,Lake Robin,Wyoming,99706,-28.161507,72.9743665
Darren Pena,57,068 Tanner Radial Apt. 226,Mitchellport,South Carolina,65007,14.412895,-21.622672
Lisa Shannon,38,015 Melissa Circle,Lake Seanchester,Indiana,37271,8.113965,-16.7636915
Christopher Liu,44,734 Cantrell Radial Suite 733,East Benjaminchester,Arkansas,54146,63.170189,65.683184
Blake Bowen,51,246 Emily Viaduct,Russellchester,Kentucky,33155,133.930847,20.2068735
Edwin Morales,70,4238 Aguirre Roads,North Jennifer,New York,34179,13.125888,7.934077
Michael Johnson,72,4386 Jacob Lock Apt. 185,Smithfort,Nevada,59302,147.096059,54.952643
Jason Oliver MD,20,0190 Megan Curve Apt. 057,Gonzalezfort,Maine,30256,173.598462,19.0033115
Levi Velez,63,343 Theresa Circle,Leonardtown,Illinois,67429,-176.407580,13.9087025
Kelly Beltran DDS,35,0722 Dean Trail Apt. 771,West Melissa,Missouri,25096,-62.359022,72.8801695
Kathleen Webb,36,5470 Robin Square,West Katiemouth,Vermont,11744,-132.179507,36.6233775
Andrea Wilkinson DVM,42,967 Waters Roads Suite 242,New Patty,Indiana,55375,-31.884326,22.400167
Jennifer Sullivan,48,30400 Jonathan Brook,Alvareztown,Delaware,73923,-145.343187,5.240643
Doris Mcintyre,48,67665 Roberts Isle Apt. 002,Andrewborough,Wyoming,01119,11.142220,44.9518095
Courtney Phillips,33,05095 Jason Lake,Port Elizabethmouth,Hawaii,47677,70.350912,-68.8135625
Jonathan Daniel,30,81690 Allen Islands,New Benjamin,Florida,69268,-117.320869,80.750288
Shaun Wilkins,63,207 Snyder Divide Apt. 353,Cesarland,Louisiana,51749,67.244317,-37.9404435
Donna Brooks,35,25836 Veronica Mall,Cooperfort,Mississippi,74910,168.329313,16.839895
Victoria Barnett,25,7980 Joseph Plains,Chelseamouth,Hawaii,14669,37.675820,-38.5464135
Matthew Garza,56,760 Katie Road Apt. 386,South Jon,Louisiana,98136,-175.997975,-16.7603315
Whitney Alexander,68,27611 Patricia Radial,East Bruce,Arkansas,39057,97.865629,-72.732519
Tonya Alexander,67,197 Hernandez Ramp,Dianaview,Illinois,03026,22.198749,-26.569654
Laura Newton MD,78,06373 Gina Square Suite 795,New Raymond,Wyoming,35849,35.891919,-11.755527
Dylan Bell,19,754 Ferguson Roads Apt. 271,New Kristyview,Alabama,40884,122.815232,42.1702285
Travis Davis,25,065 Torres Junction,Lake Patrickborough,New Mexico,44428,-113.090873,82.9582325
William Massey,39,60542 Matthew Center Suite 932,South Larryshire,Colorado,21130,116.131651,8.1615005
Christopher Mccoy,57,9554 Scott Bypass Suite 143,Port Bobbyberg,Nevada,91370,-80.219957,-87.9092905
Kevin Higgins,71,0532 Richard Falls,East James,Indiana,41384,-14.499832,38.785041
Michael Phillips,77,9794 Cox Ranch,Tannermouth,Oregon,79332,-44.821295,36.9823515
Cory Williams,59,6959 Sarah Port Apt. 123,Douglasview,Wyoming,85492,-58.663230,-83.8989485
Michelle Brown,67,09798 Jonathon Flat Suite 682,Brayfurt,Minnesota,49041,-56.828934,48.1360485
Jeffrey Pitts,34,442 Moore Trail,North Manuel,South Dakota,65240,-105.769565,-53.4241485
Sheena Ryan,43,4036 Thomas Points Apt. 882,Harristown,Tennessee,45909,-45.459444,-45.938373
Katherine Holder,78,89458 Humphrey Shoals,Campbellfurt,Ohio,70126,-0.622200,-26.312112
Lucas Warren,45,65484 Walters Highway,Mariahberg,Mississippi,90270,167.467091,6.138592
Jared Jackson,24,08238 Mcbride Square,Owensburgh,Mississippi,04911,-77.241150,-54.7040955
Tina Cruz,51,9906 Mark Flats Apt. 244,East Vanessaview,Washington,86176,163.605614,-56.1303095
Deanna Walter,33,04766 Tyler Summit,Hodgesmouth,Colorado,93726,-141.218550,86.0980545
Brett Henderson,54,49383 Andrea Plains,Andersonstad,Indiana,65357,-105.626206,-72.9881475
Molly Walters,56,305 Karen Plaza,Hernandezberg,Minnesota,35585,160.735452,83.064265
Alison Roberts,39,318 Williams Meadow,Davisfort,Oklahoma,88663,-160.313934,7.3874925
Jordan Malone MD,41,3096 Campbell Plains,North Dean,South Carolina,99805,-111.439479,-32.981887
Kathryn Jenkins,73,122 Mary Divide,Youngfurt,Georgia,91231,-46.304472,-75.901573
Angela Arellano,57,0906 Joseph Field Suite 691,South Sarahberg,Montana,53937,-155.758689,14.532842
Mark Thomas,59,433 Wright Gardens,Lake Alicetown,Rhode Island,67507,71.550338,-82.8757265
Megan Roberts,21,398 Crystal Ramp Apt. 966,Chadmouth,Rhode Island,30672,-19.420620,28.309525
Tommy Mercado,45,920 Alyssa Gateway Apt. 664,Elijahmouth,Hawaii,89388,24.677500,-5.1255245
Lisa Hill,18,1112 Benjamin Haven,Seanfurt,Indiana,20722,-129.638916,52.1954885
Wesley Carroll,74,337 Lewis Centers Suite 896,South Kevin,Alaska,89108,91.636399,-10.6204435
Justin Roberts,31,0108 Sanchez Wells,West Trevormouth,Georgia,38145,-28.571035,48.075016
Amanda Stanley,54,73518 Ford Cove,West Andrewport,Utah,81954,-145.619548,48.138811
Sherry Sexton,67,912 Snyder Islands,Heatherberg,New Hampshire,66959,-21.850976,73.792572
Kylie Williams,53,49896 Connor Squares Apt. 440,Hoodfort,Washington,53594,-124.272048,13.085274
Jennifer Rhodes,34,96367 Miller Creek Apt. 392,Turnerstad,California,21723,-62.442926,29.4444775
Martha Hernandez,42,1814 Scott Trafficway Suite 431,New Ricky,Nebraska,85256,115.027511,-26.6642965
Andre Nelson,46,1077 Doyle Ridge,West Heatherton,Wisconsin,11981,-28.448815,25.507878
Jeffrey Huber,20,6643 Hernandez Orchard Suite 407,Port Natalie,South Carolina,23014,143.535446,-47.8446125
Kristin Mckenzie,45,8068 Hunt Stravenue,Lake Annaland,Rhode Island,51093,-115.449572,-46.067124
Alan Garcia,45,069 Griffin Stravenue,Brittanyfort,Rhode Island,31254,166.365607,-11.2566435
Dr. Tiffany Hawkins,70,991 Brian Manor,Johnsonburgh,South Carolina,68864,10.571704,18.6473975
Ryan Hampton,79,0668 Terry Inlet Apt. 970,Herreraton,Kentucky,63181,-112.212265,36.2375705
Lorraine Chavez,49,689 Quinn Burgs Suite 814,Lake Michelle,New Jersey,04848,17.520196,58.6665055
Joshua Bailey,21,75353 Lisa Haven Suite 162,Melissafurt,Kansas,10834,98.642531,-41.8412775
Stephanie Moore,56,0534 Amanda Knoll,North Willie,Wyoming,70951,122.214611,86.0191235
Tamara Ford,63,547 Linda Bypass,Anthonyshire,Pennsylvania,46291,-16.761904,65.443717
Vanessa Allen,53,52375 Shepherd Points,Jessicafort,Nevada,19665,51.207626,-58.8396885
Justin Mitchell,20,254 Mann Garden,Fisherburgh,Wyoming,21843,-28.601841,-59.6329695
Brianna Nichols,65,74496 Mason Center,Richardmouth,Vermont,87578,-82.649066,-73.681746
Sara James,64,344 Long Port,Laurenview,Alabama,03667,10.490329,-58.359946
Rose Hawkins,22,1594 Gregory Spurs Apt. 659,New Saratown,North Dakota,18639,143.521834,-53.8578905
Mr. Luis Garcia,53,9604 David Rapids,Michaelbury,Rhode Island,84708,-138.557156,70.6790325
Dr. Joyce Parker,39,609 Carrie Groves Apt. 486,Catherinemouth,Maryland,93332,110.937304,-61.8111815
Samantha Garner,79,105 Sandoval Gardens Apt. 374,South Jacobview,North Carolina,48303,-136.311762,-71.182141
Linda Hanson,22,07049 Jesse Centers Apt. 572,Christinaville,California,42523,-155.429149,79.294204
Katherine Ramirez,59,146 Ashley Village,Lake Johnfurt,Connecticut,76255,-140.775410,32.651812
Peter Rush,69,01958 Alyssa Plaza,Kathleenburgh,Kentucky,04936,89.104905,51.7809005
Julie King,28,70238 Charles Stream Apt. 146,Elizabethville,New York,18289,-160.872353,-30.074621
Lori Gutierrez,69,0997 Raven Fields,Waltonshire,Oregon,53577,-58.663768,19.369296
Richard Phillips,42,860 Gary Hill Suite 039,East Nicole,Arkansas,52827,-176.823810,-3.536284
Heather Bates,32,23483 Higgins Springs Apt. 803,South Joseph,Arizona,15596,15.543859,47.6783705
Charles Rivera,37,2350 Robert Prairie,Amyborough,Florida,91103,50.148126,72.6302305
Daniel Green,63,73033 Wilson Radial Apt. 117,South Danielleshire,Connecticut,82160,113.672172,-49.1938925
Kristin Rollins,66,6646 Clark Port,West Charles,New Hampshire,23593,59.366659,69.1293095
Terri Ross,53,764 Laura Flat Suite 398,Melanieville,Wyoming,70138,-174.509354,23.2593315
Elizabeth Miller,66,00301 Katrina Wells,West Christophershire,Nevada,39896,-149.329136,81.5365615
Daniel Mills,40,956 Bauer Mission Apt. 521,Melissaborough,Alabama,67840,-90.432094,13.073868
Jared Hawkins,69,70325 Frank Extensions,Thompsonland,Idaho,01354,-37.436308,7.470280
Angela Barnes,35,30361 Brown Ramp,Jenniferfort,Massachusetts,83479,-162.693330,25.5617445
Kevin Clayton,32,336 Deborah Valley Apt. 866,West Amanda,Michigan,82053,157.727315,-52.6162875
Katie Sims,19,630 Wiley Ville Suite 021,North Bradley,Ohio,44714,-83.343217,79.9900595
Jorge Baxter,52,66012 Adams Brook Apt. 358,Port Kristystad,Vermont,38360,-176.103525,79.2425995
Cameron White,77,508 White Street,North Karen,Michigan,64527,-170.512885,57.930621
Jessica Simpson,50,903 White Wall,Port Gloria,New Hampshire,16856,179.655889,56.8973695
William Payne,24,4840 Jones Mall Apt. 822,New Rachelville,Louisiana,46372,-125.361477,-43.262927
Philip Morrison,64,201 Michael Forges Suite 605,North Brandontown,New York,15766,-165.214047,-61.010943
Kristi Knox,65,36151 Logan Square,North Annettefurt,Wyoming,50378,-50.107535,78.446938
Lonnie Jordan,35,7512 Alice Fields,Paulastad,Minnesota,05983,134.753734,-19.8800545
Amy Moreno,55,53226 Erin Motorway Suite 377,Kelseyside,Illinois,63609,48.965488,-69.675804
Mark Cortez,22,189 Lopez Isle,Christopherview,Minnesota,08953,71.578359,-80.092141
Jon Yang,21,321 Christian Harbor Apt. 894,South Brenda,North Carolina,07849,27.630612,-34.4601965
Kenneth Spears,25,2922 Jackson Dam,West Josehaven,Idaho,54897,-23.655423,82.844730
Patrick Holland,29,2862 Courtney Isle Suite 245,Nguyenview,Delaware,46903,53.583376,-36.3054245
Melanie Mitchell,72,63911 Palmer Ridge,New Bruceberg,North Dakota,48557,-13.662602,78.057866
Maria Fuller,46,465 Tonya Inlet,East Chelsea,Montana,49788,162.797993,52.5834695
Shelley Oliver,57,9922 Bryant Corner Suite 190,South Joseph,Idaho,51188,101.508255,-16.0596345
Sean Flynn,74,66709 Christensen Summit,Lake Rachelhaven,Nebraska,32358,-178.349294,-83.254978
Kyle Walls,22,4444 Kyle Mountain,Cristianborough,Delaware,50706,-167.493461,-38.548107
Brittany Ball,76,55849 John Fields,Wardbury,Connecticut,20307,-127.788429,-57.262869
Rebecca Taylor,46,993 Ortiz Ford,Lake Daniel,Illinois,01403,-62.704943,4.9495775
Jessica Hunt,50,3180 Chavez Valley Suite 997,East Jessicafort,West Virginia,94844,78.107005,-51.973329
William Spencer,77,69680 Young Plaza,Piercefort,Kentucky,91805,-104.161966,48.842838
Krystal Garcia,80,575 Alejandra Fields,North Paul,Missouri,12594,47.891200,48.2216535
Andrew Ingram,33,855 Angela Camp Apt. 514,Robertchester,Pennsylvania,38079,64.675801,66.477483
Sarah Hernandez,49,449 Courtney Drives Apt. 991,East Alexanderberg,South Dakota,76944,24.219411,-17.969613
Lisa Young,48,852 Pamela Highway Apt. 296,Hernandezport,New Mexico,81773,-127.036952,73.746783
Karen Tyler,45,83250 Joshua Mountains,Lake Andresstad,Michigan,28303,35.245528,-64.847775
Kimberly Morrow,70,838 Nunez Courts Apt. 826,Elizabethside,Utah,14046,21.885950,-27.8791035
Vanessa Acosta,77,97787 Wilson Dale Suite 046,Lake Christine,South Dakota,85922,159.933871,-88.335674
Adam Leonard,47,6572 Wiggins Courts,Ashleyborough,Georgia,76218,168.483608,-13.820259
Douglas Oneill,80,9216 Lowe Avenue Apt. 307,West Donaldview,Tennessee,27753,-104.080443,-38.6562105
Lisa Johnson,37,2067 Rice Roads Apt. 138,Thomasshire,West Virginia,86027,67.472702,24.142209
Ryan Parks,69,096 Andrea Lodge,South Janet,Illinois,12010,-117.124922,-51.133398
Cynthia Whitney,31,720 Rachel Shoal Apt. 434,Port Carlton,Hawaii,52961,52.124856,64.3217115
Benjamin Johnson MD,20,6793 Jennifer Pine,Brianahaven,Oklahoma,09685,-158.140980,74.5578965
Lindsay Grant,70,47392 Myers Stream Apt. 832,Smithmouth,Arkansas,92896,40.583340,-28.7686945
Scott Tucker,36,97205 Johnson Ramp,East Chad,South Dakota,17486,-68.652330,-31.949694
Christina Barnes,24,75098 Felicia Ways Suite 446,Millsberg,Idaho,53706,-148.386283,-54.634349
Anna Mejia,53,58692 Traci Mall Apt. 518,Petersontown,Utah,02547,68.412649,84.215907
Elizabeth Reed,48,134 Benjamin Tunnel,North Anthonyland,Colorado,14036,100.335596,-78.2926865
Savannah Morrow,67,839 Chris Land Apt. 880,Donaldview,Iowa,81326,-13.149726,38.519629
Jorge Strong,25,3609 Larry Junctions Apt. 379,Berrymouth,Wisconsin,18609,-43.461377,46.244102
Kristina Reed MD,57,60102 Valdez Shoal Apt. 495,Stewartview,South Dakota,35637,-95.248615,-64.5194445
Paul Best,50,454 Dawn Trail Suite 555,Lopezshire,West Virginia,10111,-80.192616,-39.8178215
Kim Morris,68,888 Howell Orchard Suite 061,Marieland,Nebraska,61498,-12.250235,-0.696177
Christopher Coleman,23,1323 Misty Parks Suite 861,Port Brittanytown,Delaware,64467,-104.452100,46.390244
Ronald Cochran,60,997 George Circles,Mirandaburgh,Kentucky,98308,70.871923,45.164453
Melody Hawkins,66,8443 Fletcher Pike Suite 480,Dennisburgh,South Dakota,22644,-6.175784,-28.708946
Ashley Wagner,70,95525 Anthony Port Apt. 279,Herrerahaven,Tennessee,26003,-53.907682,36.2771845
Justin Jones,22,04982 Valdez Ville Suite 754,Zacharyport,Nebraska,81537,43.917824,15.8595685
Joseph Brown,73,961 Barnett Meadows,Hoffmanton,Missouri,59477,73.015425,27.0703175
Laura Snyder,23,897 Houston Mill Apt. 161,Port Michelle,Michigan,77744,128.131481,-13.1200465
Kathleen Morgan,55,004 Maria Spring,Reneechester,Maryland,53171,-149.570725,41.110859
Shannon White,79,880 Christopher Rest,Heathermouth,Nebraska,44699,158.354983,-10.7925685
Martha Tran,29,359 Smith Spur,East Danielland,Mississippi,49735,60.496553,29.818237
David Bean,23,70795 Hall Freeway Suite 972,Port Christown,Maryland,94717,41.313888,-45.0867765
Virginia Meadows,43,5934 Smith Field Apt. 173,Kyleside,Arkansas,23583,142.368194,15.619150
Sarah Le,44,888 Adams Cove Suite 882,Rileyland,Louisiana,41746,34.191550,43.9251795
Mary Fernandez,64,9778 Brian Ridges,Gabrielbury,Pennsylvania,99132,-15.452938,5.680639
Maurice Flowers,41,026 Derrick Ridges,North Melissa,Alabama,10053,-134.592777,-85.478421
Jeffrey Bridges,63,53172 Anderson Mission,Bakerburgh,Pennsylvania,25488,19.497446,6.6482645
Paige Christian,50,12805 Brett Forks Suite 525,Prattport,Connecticut,96786,-72.272657,-67.636100
Michelle Lucas,36,8429 Christopher Green Apt. 289,Johnsonfurt,Alaska,07776,91.896534,30.8422495
Rebekah Johnson,37,198 Robert Dale Apt. 448,Williamside,Wisconsin,81808,-38.123822,87.597141
Kenneth Stokes,22,4983 Robinson Ways,Lake James,Maine,79233,-73.911828,-33.971277
Alexander Ellis,27,59892 Steven Ranch Apt. 194,Jeremyhaven,Montana,73172,58.790515,53.089712
Gina Miller,53,610 Anderson Plains Suite 372,Brandyhaven,Montana,51347,-122.763420,2.462129
Andrew Jimenez,34,9893 Brown Inlet,Holmesburgh,Arizona,23386,149.492968,-32.0588005
John Moore,28,603 Monique Stream Apt. 423,Lake Leahchester,Texas,60092,-27.999647,-65.9016255
Bradley Camacho,34,219 Wilson Crossing Suite 248,New Duanetown,Tennessee,26913,155.713659,-79.1523655
Penny Beard,74,0651 Martin Street Apt. 907,Lake Johnside,Missouri,30488,51.428287,-81.185462
Megan Thomas,76,492 Patricia Union Suite 280,West Rachaelfort,Arizona,80225,113.525002,16.0169835
Mary Morris,55,6894 Ross Walks Suite 066,West April,Alaska,69267,-145.072420,-75.408300
Jennifer Leach,56,15067 Kristen Canyon Apt. 592,Karenfort,Ohio,07195,-132.297148,-76.358495
Jill Zuniga,67,60332 Brown Junction Apt. 884,South Amandafurt,Utah,25366,-26.923471,25.057131
Linda Gilbert,48,7373 Andrew Greens,New Veronicaport,Arizona,94017,31.656058,4.402662
Shawn Douglas,44,45318 Amanda Haven,Victoriamouth,Pennsylvania,29509,90.694817,-30.471034
Dr. Henry Ramirez DVM,70,531 Jessica Junction,New Carlaside,Connecticut,14855,23.244199,68.154726
Daniel Wagner,53,101 Matthews Rapid Suite 639,New Mason,Hawaii,75216,48.494736,-46.7483375
Joel Armstrong,78,65535 Spencer Way,Port Paultown,Oregon,32852,27.358967,-48.9042155
Rebekah Reed,74,44542 Janet Branch Apt. 482,Jacquelinefurt,New York,24383,-44.978281,14.134624
Amy Andrews,27,091 Brewer Hills,Sarahfort,Rhode Island,71766,-121.267777,-35.077322
Lynn Lucas,55,029 Mora Path Apt. 319,New Tara,Arizona,49928,31.365912,-56.7193705
Gabriela Wallace,40,297 Mclean Hills,East Richardburgh,Texas,77511,86.590643,-8.9374255
Victor Miller,52,65001 Shawn Cove Apt. 290,West Kevin,Indiana,43533,-41.412333,61.8889665
Brittany Spence,22,77184 Terry Field,Romeroburgh,New Hampshire,44962,-111.117582,-55.8112985
John Gilbert,25,9695 Moore Heights Apt. 421,North Amber,Utah,29828,-85.752014,35.549360
Amy Alvarez,30,59402 Carter Meadow Suite 547,East Christine,Ohio,26801,-100.249272,75.714980
Frank Smith,66,293 Meadows Place Suite 179,Port Oscarfort,Pennsylvania,86719,155.634314,-56.4068355
Paula Hoover,35,329 Cervantes Centers,Port Charlestown,Oklahoma,56363,110.743308,14.7005975
Kelly Villanueva,32,7184 John Course,Collinsburgh,Georgia,03941,21.282585,62.8954105
Tyler Rodriguez,79,2410 Denise Overpass,Larryshire,Mississippi,30827,-165.508472,-66.256185
Christopher Miller,30,118 Susan Place Suite 729,Alexisview,Connecticut,02762,79.318746,69.525291
Kaitlin Martin,76,82961 Laura Islands,Castillotown,Florida,30382,174.479131,52.5676385
Robert Reyes,72,27577 Gloria Row Suite 193,North Christopherborough,North Dakota,40025,98.248655,-22.117562
Jennifer Watson,52,7052 Ruiz Forges,Millerstad,New Mexico,47508,104.399916,68.426375
Michael Baldwin,40,007 Samuel Garden,West Elizabeth,California,66681,-84.370470,29.5402655
Francisco Parks,67,1170 Armstrong Fields Apt. 091,Joshuaborough,Delaware,67863,-9.517851,-27.146028
Matthew Sherman,41,28190 Eric Mews,Margaretmouth,Tennessee,43490,62.269368,-12.168354
Mario Turner,66,99485 Elijah Road,Heathermouth,Wisconsin,22881,26.046970,52.6523355
Kimberly Newton,48,990 Myers Bypass,New Carmen,Iowa,40433,-102.683383,82.736026
Richard Howard,46,5242 Alexandra Parkways Suite 658,Carlland,Connecticut,36869,172.397927,43.7001715
Rachel Watson,36,546 Mills Walk,South Kyle,Maine,89572,139.676787,29.282515
Sara Gonzales,42,9796 Reyes Row Suite 295,Ericborough,Montana,52255,-107.797629,28.543678
Stephanie Garrett,30,74244 Shah River,Donnaborough,Colorado,80701,49.505974,14.268581
Jennifer Macias,74,08302 Stephanie Drive Apt. 061,Brianville,South Carolina,54972,-168.861549,18.482803
Heather Morgan,47,8197 Mitchell Wells,Rebeccastad,Hawaii,17262,-104.614967,-31.819115
Juan Bowman,39,44239 Clark Radial,Lake Laura,Alabama,81889,-78.570197,67.521101
Eugene Walsh,29,3959 Conrad Circles Suite 167,New Christinastad,Delaware,25749,108.260257,-15.7102915
Elizabeth Fuentes,42,4564 White Mission,North Samantha,Alaska,23098,47.993455,-2.746709
Alexandra Snyder,68,814 Lane Expressway,South Kenneth,Georgia,67819,-51.306873,61.9189785
Makayla Ford,31,003 Shaffer Branch,Mendezport,Oklahoma,05686,-142.246391,65.934601
Amanda Wheeler,76,9393 West Junctions Suite 618,Garciastad,Idaho,54429,18.979297,64.8562735
Amy Yang,43,3839 Jason Motorway,South Theresafurt,Maine,90560,35.550331,-21.546134
Luis Fuller,76,552 Thomas Mountain Apt. 883,North Michaelberg,New Jersey,41506,-107.822831,14.7195055
Sandra Ward,25,5185 Taylor Circles,Smithview,Montana,28817,-110.176679,-71.8640965
Emily Pitts,68,918 Zuniga Parkway Apt. 760,Cherryshire,Wisconsin,59059,174.626140,16.526695
Randy Moore,37,812 Julie Flats Suite 547,Wardville,Missouri,04523,39.407515,-87.7038375
Jeremy Mendoza,80,68810 Jeremiah Radial Suite 805,Saraside,New Mexico,34430,-106.573330,-41.2079035
Carla Mack,78,58196 Robert Plaza,Tommybury,Kentucky,68635,131.962713,-55.575777
Stephanie Morris,22,6599 Mclaughlin Curve Apt. 665,North Kendraborough,Hawaii,54716,164.173106,-72.650675
Cynthia Kim,31,653 Daniel Extension,Port Edwardhaven,Mississippi,07615,-107.551886,33.5894055
Alexander Landry,50,66341 Knight Streets,Erikaport,Hawaii,20781,89.097761,62.1618505
Diane Snow,29,484 Nicole Way,Hardystad,North Carolina,63249,-165.690498,35.576951
Darryl Torres,22,974 Veronica Isle Suite 243,Port Brianshire,Louisiana,12951,-28.419433,-41.9426825
Kristina Gordon,74,413 Kevin Wells,Ashleyburgh,North Carolina,42089,-35.485184,-4.579402
Paul Delgado,31,584 Tiffany Grove,Robertbury,Wisconsin,47028,-176.620877,83.2409945
Oscar Miller,65,6034 Bonnie Fort Apt. 019,North Davidmouth,Washington,65501,78.494463,78.458275
Jessica Klein,49,68663 Hanson Crescent Apt. 079,East Jacobton,Nebraska,14166,-166.992115,-66.9273485
Timothy Ford,72,8461 Dawn Village,Taylorport,West Virginia,07235,-60.791111,-71.9253955
Jeffrey Harmon,50,34165 Hughes Forks Apt. 781,South Jasonfurt,Hawaii,55847,64.529610,83.172744
Sandra Hardin,24,8686 Emily Curve Apt. 628,Rogersburgh,Missouri,38780,46.405976,36.868074
Jessica Gutierrez,21,7201 Castro Ford Apt. 025,Keithbury,Oklahoma,25887,74.767287,-28.1812885
Melinda Watts,44,1779 Hernandez Dale,East Stephanie,Utah,41481,123.595757,64.708221
Julia Smith,27,004 Sarah Shoals Apt. 366,Lake Keith,Kansas,09918,0.241303,-49.2630235
David Bennett,69,783 Barry Crossing,Fostertown,Kansas,82724,-27.327900,-65.3792775
Amber Walker,47,25895 Perry Loop,Josephville,Indiana,20847,-16.787659,79.9025845
Danielle Rodriguez,78,96122 Baldwin Forge Suite 565,West April,New Mexico,95248,9.690532,70.5713955
Melissa Baker,52,18095 Johnson Streets,Knightburgh,North Dakota,65039,16.302061,39.540005
Robert Weber,69,45469 Sweeney Oval Suite 605,Blackton,Connecticut,71766,14.534313,-70.3987625
Jonathan Buck,33,127 Richard Parkways,Seanberg,New Mexico,51160,-92.625505,84.018009
John Nelson,59,430 Lori Radial Suite 567,Lake Joseph,Hawaii,40298,-32.022554,-39.1796095
Benjamin Weaver,67,542 Hamilton Villages Apt. 669,New Cody,Kansas,71829,98.841801,71.204349
Brian Holmes,37,02142 Thomas Gardens,North Williamborough,Texas,86494,-32.557881,49.8299875
Tammy Vargas,23,0151 Michael Forks Apt. 821,West Johnchester,North Dakota,47156,124.596693,67.770274
Megan Wells,56,55451 Jeffrey Mountains Suite 686,North Kevinfurt,Ohio,04537,-65.103916,31.193700
Alison Johnson,33,5970 Kristen Ferry Apt. 473,Carlsonville,Mississippi,82629,49.402241,-1.932857
Kelly Vaughan,20,575 Jones Corners,Patrickfurt,Nebraska,76739,-18.156110,-23.156494
Evelyn Johnson,40,3600 Parker Common,West Alicia,Connecticut,01866,-27.728293,-46.503711
Patricia Davis,34,7093 Burnett Isle Apt. 404,East Dustinmouth,Kansas,90357,39.707022,-84.0005235
Brian Lyons,59,948 Daniel Estate,Leahberg,North Dakota,88518,-139.041595,74.072538
Kevin Bauer,56,315 Frederick Skyway Suite 210,Lake Catherineton,Texas,85819,92.752458,-60.0873935
Amy Reyes,49,867 Kendra Plaza Suite 601,Douglasstad,Massachusetts,28926,-4.266066,-57.353807
Joseph Hernandez,67,844 Ramos Field Suite 045,Rickeymouth,Idaho,53492,-134.415718,-45.5873095
Lisa Nelson,65,660 Christine Ranch Apt. 633,Bushshire,New Hampshire,32896,103.947526,-65.506551
Mathew Torres,24,220 Jordan Stravenue Suite 464,Jenniferview,Mississippi,86213,160.508780,59.418259
James Cooper,53,1561 Tracy Row Suite 671,Derekstad,Massachusetts,36767,-69.414624,-84.3300885
Stephanie Mills,71,219 Brad Isle Apt. 713,East Nicholestad,West Virginia,08624,-34.177928,87.6517395
Michael Ochoa,79,39028 Aguilar Glen,New Brendaland,Florida,71395,-38.990110,9.6424715
Lisa Mcfarland,61,364 Munoz Meadows,Meganview,Iowa,43014,149.805401,-55.0644575
Elizabeth Massey,37,234 Hunt Ridges Apt. 658,North Andreafort,North Carolina,77975,142.142589,61.917261
Mike Garcia,56,5489 Blake Path,Annshire,Kentucky,83015,133.505816,10.2842565
Elizabeth Brown,37,733 Miller Well Apt. 262,New Anna,Arizona,23644,26.768318,-80.564195
Dustin Marks,45,581 Erin Mountains,Johnsonville,Massachusetts,66210,124.341518,-39.6463855
James Hernandez,34,4742 Gloria Harbors Suite 773,South Leahstad,Colorado,03042,60.295846,-15.1597975
Alex Meyer,75,381 Heather Path Apt. 916,Westshire,Nebraska,17360,-157.190691,42.9085295
Michael Bates,46,654 Brooks Stravenue Suite 545,East Jenniferhaven,Indiana,22767,-109.351943,52.452572
James Miller,55,387 Timothy Junction,North Williammouth,Massachusetts,26684,129.227790,-5.299684
James Ward,44,41306 Jennifer Road Suite 396,Markburgh,Pennsylvania,79262,-0.213077,-65.650123
Keith Mcintyre,45,82980 Gonzalez Wall,Lake Ashley,Florida,37832,-154.446888,-88.1167045
Samantha Ortiz,62,1469 Taylor Mills Suite 911,Ashleyberg,Nebraska,77156,-128.700829,-53.624658
Eric James DVM,71,818 Deborah Groves Apt. 824,Moralesmouth,South Dakota,95691,89.811332,-81.1776355
Mrs. Rebecca Lee MD,80,16198 Paul Keys Apt. 567,Donaldsonland,Texas,03296,26.805049,-38.607955
Jennifer Sanders,45,5732 Hill Curve,Lloydbury,Oklahoma,99419,46.783913,68.495293
Mary Brock,53,1206 Richard Extensions Apt. 147,Port Danny,Maine,16183,38.008527,5.7253575
Nicole Mckay,37,2260 Michelle Squares Suite 239,West Andresbury,Wyoming,50026,-14.964826,-89.9918875
Anne Cervantes,64,08889 Castro Radial Apt. 410,Jonesfurt,Texas,22624,-65.350343,-52.1747555
Julie Charles,47,47501 Danny Junction Suite 257,Irwinstad,West Virginia,35926,167.193595,31.4770155
Robert Barrett,74,958 Lisa Terrace,North Anthonybury,Massachusetts,89889,17.702061,-75.8234705
Joseph Stout,26,46862 Jensen Trafficway,Lake Mark,South Dakota,32045,-56.266107,87.101386
Elizabeth Allen,56,0162 Christopher Turnpike,Kimberlyburgh,South Carolina,34122,-76.459717,2.275814
Robert Smith,60,224 Johnson Mission,Williamsport,South Carolina,16762,127.580010,-25.8152475
Jordan Hunt,24,03790 Wilson Flats,New Staceystad,Pennsylvania,47824,-75.738082,-80.0291085
Brian Smith,56,778 Robert Mall Apt. 628,West Emilystad,Texas,99388,-169.573458,-78.805433
Nicholas Martin,45,26665 Camacho Centers,South Kevinton,Missouri,15504,-37.727797,89.664593
Sherri Hodges,43,52567 Murphy Drives,Ryanton,Wyoming,32312,-147.689265,56.3074065
Jennifer Miller,47,2368 Johnson Oval,Powellville,Rhode Island,34989,-50.924392,79.863652
Keith Perry,66,19190 Robin Points Suite 314,Christinetown,Ohio,95924,87.863161,-31.5861805
Steven Miller,59,95115 Farmer Knolls,Valenciabury,Ohio,10866,-31.228699,6.836550
Michael Mccoy,22,701 Nelson Shores Apt. 273,Cohenhaven,South Dakota,56871,-80.926645,16.9795545
Adrienne Hill,41,6506 Molly Road Apt. 104,North Patriciafurt,Washington,59231,8.240255,-1.408132
Caleb Allen,30,6211 Sabrina Circles,Lake Antonio,Maryland,51229,47.388889,-40.881238
Elizabeth Allen,28,22867 Hodge Lodge,South Vincentfurt,New Mexico,81568,-6.473140,77.579236
Jeffrey Vaughan,19,8673 James Extension,Lake Rebeccafort,Oklahoma,64219,-40.484281,66.7920285
Samuel Jackson,61,74315 Washington Underpass,Mossmouth,Wyoming,92183,124.703421,-32.560102
Tracy Romero,63,2214 Michael Cape Apt. 164,North Michael,West Virginia,05946,-100.124026,73.528076
Kevin Harper,46,68136 Juan Camp,Cortezstad,Alabama,32643,53.609750,54.2334725
Kelsey Lopez,55,170 Joshua Meadow Apt. 108,West Andrew,New Mexico,45989,-33.940401,-25.133074
Mary Anderson,34,359 Joanna Court,Christianchester,Tennessee,66513,-54.498455,-14.1301325
Kari Aguilar,43,8765 Lee Walk Apt. 339,Lake James,West Virginia,86654,-119.119718,-88.1170025
Dr. Jeffery Wright,66,171 Nicholson Meadow Apt. 976,Ramosport,Indiana,45010,67.712033,23.5227365
Ashley Baker,30,317 Cody Drive Apt. 778,North Johntown,South Dakota,84515,-118.514564,-39.4324295
Bobby Ballard,68,3418 Simpson Square Apt. 072,Sandraville,Kentucky,52547,-82.990673,-3.9256505
Earl Velasquez,52,71539 Wilkins Camp Suite 080,Port Heatherville,California,84346,174.016850,-11.205650
Alicia Morgan,67,79960 Jennifer Locks,Port Dominique,Alaska,65167,105.488027,89.7471835
Mr. Danny Blackwell,74,5486 Dale Course Suite 601,Jamesmouth,Kentucky,60344,178.130328,23.420059
David Garcia,48,0916 Jo Fields Suite 321,West Katherine,California,70013,64.980722,8.356760
Kathleen Wyatt,40,023 Scott Plains,Briannahaven,Wyoming,18600,141.360485,25.700269
Alejandra Mckay,74,2789 John Coves,West Matthew,Hawaii,93500,-35.239422,-63.266359
Michael Fitzgerald,31,74502 Thompson Prairie,Port Robert,Kentucky,61509,124.891691,-26.3014545
Michelle Gray,23,397 Dennis Row,Webbmouth,New York,85253,-160.742320,62.7633585
Amanda Reynolds,32,660 Nathaniel Rapid,Carterstad,Mississippi,28948,1.174003,70.341211
Glenn Stark,52,065 Roach Prairie,South Shelley,Idaho,79550,154.858683,-29.2470725
Lee Terrell,20,0397 Allen Knoll,New Sherry,Connecticut,83723,134.301176,-88.0017325
Brittany Johnston,80,929 Lacey Estate,New David,Washington,91079,88.694204,-80.3795615
Bruce King,72,42983 Anthony Point Suite 458,Katherinebury,Florida,55339,30.404883,-45.629218
Mario Lopez,30,661 Gregory Flats Suite 181,West Ashleyfort,Kentucky,19128,-40.407821,30.063732
Philip Santiago,41,1943 Parker Canyon Suite 542,Jasonbury,North Dakota,47206,-35.924768,-46.256587
Regina Nguyen,61,0359 Adkins Pike Apt. 658,Andrewsfort,Missouri,96100,52.122761,-3.9621805
Kara Walker,63,06369 Jensen Locks Apt. 887,Lake Brianfort,Montana,27612,-96.421199,64.5072125
John Graves,40,136 Ricky Mount Apt. 720,Lake Monicaville,Delaware,76723,41.680649,-52.855933
Felicia Rich,80,26890 Janet Road,Angelamouth,Missouri,59204,-170.706738,-18.485520
Ricardo Montgomery,35,03571 Hernandez Mills,Port Kimberly,California,74521,-159.589750,-40.777591
Loretta Alvarado,65,2533 Michael Field Apt. 281,South Rebeccafort,Mississippi,57560,-113.073336,-87.733917
Tyler Guerrero,80,69932 Duane Island Apt. 010,Lake Natalie,Wyoming,41072,86.086410,-18.2890245
Katrina Morton,27,97003 Valencia Mall,Heathertown,New Hampshire,16380,44.010394,-48.900620
Phyllis Crawford,28,4902 Robinson Parkway Apt. 732,East Benjamin,Illinois,71831,123.329778,-37.413768
Tara Brennan,52,485 Harrison Springs Apt. 666,West Heathertown,Illinois,14322,151.951900,-17.3858805
Nancy Logan,24,948 Andrew Light Suite 362,Port Devinhaven,Washington,82810,69.142129,-16.6598595
Angela Weber,45,8662 John Road Apt. 952,West Ashleyside,Tennessee,62880,-85.397604,-50.540123
Sabrina Campbell,51,40729 Denise Motorway Apt. 382,Lake Grantton,Georgia,05509,102.440156,-3.783957
Lee Mcbride,62,249 Duran Crossing Suite 839,Solomonshire,Kansas,86404,105.645754,3.2759635
Luis Gonzalez,33,338 Walsh Island Apt. 766,Washingtonside,Nevada,70606,-40.041986,-26.1867205
Calvin Browning,18,0413 Marc Isle Apt. 866,West Mark,Wyoming,45637,159.661556,84.1676505
Daniel Clark,76,612 Christopher Glen,East Luis,New Mexico,73907,-155.731026,35.477355
Nancy Valentine,62,842 Paige Square,Erinton,Wyoming,50081,142.995699,-75.0623715
Megan Pitts,18,5549 Atkinson Roads,Angelashire,Arkansas,15426,-52.341107,7.8229655
Angela Price,53,870 Clark Turnpike Apt. 863,Port Micheleton,Missouri,94315,-163.073717,72.290439
John Collins,34,968 Kimberly Well,Josechester,Maryland,08547,70.879684,-48.227952
Sheri Sanders,73,026 Melendez Branch,Hernandeztown,Oregon,66689,125.412542,54.0992605
Sarah Waters,66,7047 Ivan Greens,Williamsburgh,New York,16909,-143.699952,-43.2235235
Spencer Mueller,49,569 Thomas Land,Port Alexis,South Carolina,73371,107.607981,46.338244
Rhonda Bailey,39,633 Jenny Well Suite 390,Williamstown,Nevada,00964,157.184752,43.2885745
Denise Duncan,38,473 Ronald Rest,Robertsside,Wisconsin,56012,8.980636,49.7311635
Kevin Bell,39,0204 Robert Lodge,Lake Malikfort,Utah,75132,37.635499,34.7028685
Amber Khan,25,796 Moreno Points,Julieberg,Alaska,18603,36.314982,3.411783
Jennifer Foster,24,122 Sarah Valley,South Amberfort,Wisconsin,72555,135.785430,83.0695095
Sandra Hernandez,46,3812 Michael Fall,Amandaview,Michigan,58708,66.081375,-10.241551
Cassandra Jones,53,65673 Chelsea Shore Suite 515,Robinsonhaven,California,31125,-16.840923,71.0959735
Joshua Walker,25,10377 Tyler Rapid,Port Mercedesview,Tennessee,32355,135.278355,-14.1268495
Amanda Jackson,69,2105 Morrison Wells,Caldwellmouth,Oklahoma,67345,77.496190,-55.333926
Christian Lynn,41,04605 Jeremy Gateway Suite 118,Cameronborough,New Jersey,77077,-45.702054,22.313733
Michael Jensen,31,78762 Gray Mountains,Michelletown,Alabama,05848,32.968060,38.2138035
Nathan Bell,57,4646 Alison Drive Suite 381,Greenfurt,Wisconsin,20502,-100.050701,-38.2060435
Rebecca Hill,45,39944 Amber Lane Apt. 325,Coleton,New Mexico,98975,12.559004,-34.8493075
Anne Flores,66,4291 Janice Ramp Suite 341,Robertstad,Colorado,78464,-56.526693,18.898511
Laura Poole,74,85814 Erica Hollow,South Elizabethchester,Utah,16821,154.889470,34.744417
Mary Butler,19,1436 Shepherd Inlet,East Jamesport,Wisconsin,67679,72.723351,-9.657259
Dr. Melanie Garrison,21,468 Angela Place,West Joan,Alaska,23741,-118.823913,-46.092240
Donald Ramirez,74,90050 Joshua Inlet,Carrollburgh,South Dakota,95056,109.128452,71.5349265
Dana Martin,80,662 Hudson Land,Port Carlaside,Georgia,76611,176.430929,74.7578875
Bryan Burns,36,88238 Cynthia Valleys Suite 156,Amyshire,Maryland,71448,-114.443730,-19.0738595
Benjamin Murray,74,523 Tracey Path,East Kayla,Maine,69636,-65.999872,-8.979385
Dylan Carrillo,66,360 Pratt Alley,Lake Brendahaven,Illinois,68000,-35.718453,-71.711048
Steven Ford,34,7743 Carlos Drives,Porterburgh,Rhode Island,02169,-134.033927,-86.2433525
Karen Johnson,32,6718 Chad Via,Kristinafort,South Carolina,62464,151.068751,-40.8097325
Andrea Rogers,79,4972 Wendy Isle,Jasonside,Washington,35928,85.764023,20.2995815
Christopher Marks,22,877 Moore Crest Suite 784,Carlaville,Mississippi,87204,-45.321910,7.9646075
Daniel Hamilton,48,61371 Stephen Glens Suite 033,East John,Montana,64754,24.745266,-89.5526615
Timothy Weber DDS,40,050 Jason Route,Gallegosberg,Alabama,98052,151.103494,41.765224
Gwendolyn Wright,34,501 Fox Curve Suite 015,Petersonburgh,Michigan,51830,-98.882666,11.191791
Jerry Hanson,40,5115 Nathan Mills Suite 786,West Jamie,Colorado,37069,6.738076,-55.078136
Jessica Williams,24,8718 Bean Expressway Apt. 578,Lake Kimberlyshire,New Hampshire,58925,-166.053620,-86.8376705
Jasmine Patel,26,357 Schultz Locks Suite 394,Rachelstad,Michigan,65451,-11.046598,-49.607660
Donald Kennedy,53,9244 Anderson Points Apt. 445,New David,North Dakota,61369,-144.236032,-65.7220335
Jennifer Thompson,65,23697 Penny Motorway,Barneston,California,97032,155.302649,89.1563215
Jennifer Guerra,48,124 Moon Vista,Stevenmouth,Indiana,52875,100.325582,-50.911467
Brandon Olson,34,993 Timothy Ways,Lake Georgeview,New York,03114,125.722961,-44.418861
Jeremy Webb,74,6657 Fernandez Place Suite 410,Thompsonport,Arizona,26311,-108.401983,-77.9727955
James Cruz,46,0576 Thornton Knoll Suite 274,Deckerside,Mississippi,13585,-113.673726,-7.045449
Joan Johnson,58,157 Tyler Cove Apt. 465,North Whitney,Kansas,74430,137.505364,41.7981235
Jennifer Carlson,61,9322 Cristina Wells,South Robert,Michigan,74929,-160.789979,-29.569392
Nina Ferguson,27,2337 Cory Highway,Victoriatown,Minnesota,41585,57.345106,-50.4005975
Jerry Lang,58,518 Michael Shores,Rayton,Illinois,18561,40.409154,-58.066679
Ruben Roberson,70,184 Spencer Centers,Moorestad,Nevada,76377,-2.425910,89.385738
Brooke Flores,74,30102 Todd Overpass Apt. 142,East Kellytown,Tennessee,84628,148.807197,20.727101
Joseph Peterson,71,3957 Black Pike,Port Ritaburgh,Alabama,06571,46.743422,-46.603252
Matthew Shepard,58,62256 Kaitlyn Harbors Suite 092,South Markmouth,Oklahoma,35085,62.017953,26.902857
Hayley Frazier,19,42521 Patricia Via Suite 440,West Dylanville,New York,82409,108.362281,-29.8801295
Stephanie Glover,24,6972 Stephen Court Apt. 791,West Scott,Tennessee,42051,-35.556336,-68.048312
Michelle Pace,45,7275 Jessica Extensions,Randyfurt,Iowa,78408,112.005236,31.3935235
David Cobb,25,18617 Gary Manor,East Lauren,Utah,91747,-90.999185,-49.0511305
Valerie Owens,24,1994 Johnson Ports Apt. 329,Port Andrewberg,Nebraska,15360,66.526614,18.1236785
Justin Long,34,220 Kevin Pines,Lake Terrihaven,Illinois,09055,-73.012757,-19.863902
Lori Johnston,56,575 Bass Way Apt. 202,New Crystalton,North Carolina,63468,96.631584,85.671164
Monica Smith,76,07872 Bonilla Hollow Suite 394,North Rachel,Missouri,32070,-145.995935,-43.7273105
Steven Bowman,47,1704 Sarah Groves Apt. 561,Billport,Missouri,08739,81.866530,-70.0396245
Heather Rodriguez,38,13863 Michael Run,Lisaview,Kentucky,58750,-86.816525,83.939759
Rebecca Barrett,32,4668 Michelle Shore,Port Ryan,Kansas,42213,54.538570,69.624945
Michael Gordon,54,360 Robert Extensions,Port Ronald,Nebraska,35090,176.299451,27.7907465
Veronica Shaffer,32,533 Rios Ports,Port Kelseychester,Nevada,09477,22.656349,51.1399615
Whitney Hendrix,33,0315 Ramos Fords,New Michaelburgh,Virginia,42197,7.190306,-81.2078565
Debbie Robinson,80,4509 Michael Mill Suite 562,West Jamesberg,Colorado,71716,94.413268,18.4939195
Brian Keith,50,179 Donaldson Squares Apt. 081,South Kenneth,South Dakota,61902,-41.486735,28.9498095
Daniel Hamilton,49,6091 Louis Points Suite 617,Woodsmouth,Montana,48981,-113.966203,52.5011715
Matthew Lewis,19,62669 Doris Bypass,Annastad,South Carolina,55064,136.644807,-9.9183825
Lindsay Johnson,28,007 Stewart Village Suite 012,Woodsfurt,Oregon,86219,-10.931532,17.2155045
Tiffany Sosa,37,71139 Samantha Mountains Suite 686,Colonbury,North Dakota,11286,-102.533960,-81.755192
Nancy Green,73,096 Lambert Lock,South Kendra,Maine,44859,-21.567783,78.1829135
Kimberly Arellano,61,698 Thomas Ville Apt. 087,Zacharyville,Mississippi,20829,71.229914,53.755863
Jessica Moore,69,87308 Hernandez Loop,Port Elizabeth,West Virginia,63097,105.197261,41.8091395
John Morton,28,66899 Davila Forge Apt. 503,Bryantown,Nevada,48236,-40.574702,-31.4561085
Daniel Watts,66,494 George Forks Suite 219,West Michaelfort,Montana,69292,-0.174861,-35.639554
Barbara Warner,73,9805 Herman Ways Suite 336,Port Pamela,Illinois,91533,-72.409213,-38.7776865
Dr. Donna Barnett DVM,48,02212 Amanda Station,New Harryville,North Carolina,57416,153.686649,58.4605205
Albert Ellis,35,84229 Whitaker Lodge Suite 369,South Richardton,Arkansas,47981,9.506460,39.331753
Katie Taylor,65,818 Heath Village Apt. 774,East Margaret,Maryland,66553,-26.104925,6.920425
Joseph Thompson,67,24324 Stein Shoal,New Brenda,Maryland,33618,-126.221005,39.4458105
Aaron Peterson,69,503 Richard Meadow Suite 628,West Juan,Delaware,57481,149.047738,12.263028
Richard Williams,47,3837 Sarah Route,Rodriguezburgh,Tennessee,42407,-128.954655,-6.3508135
Alexandra Clark,27,32665 Anthony Wall,Lake Jessica,Vermont,38075,-118.770725,-3.6952045
Mr. Christopher Jimenez IV,26,989 Susan Cliffs,Teresaview,California,90100,-65.058942,63.6338905
Scott Wilson,39,821 Andrew Roads Apt. 160,Clarkborough,West Virginia,07044,96.033215,-79.2593245
Mark Molina,35,17766 Margaret Underpass,Jessicatown,Utah,35763,134.728189,57.460433
Jonathan Palmer,27,227 Moore Turnpike,North Joan,Maryland,98047,-14.147735,-13.2312435
Richard Mendoza,68,90808 Anderson Meadow Apt. 213,Lake Eric,Oklahoma,78908,52.348300,-89.497554
Shannon Smith,78,4726 Christian Trafficway Apt. 672,Chelseaburgh,Illinois,89653,-117.776643,-88.8738395
Emily Hall,22,4729 Nancy Island Suite 344,West Carlaland,Missouri,34462,99.035909,-12.469714
Susan Powell,58,8924 Velazquez Mews,Port Justinmouth,Idaho,87968,175.454227,82.9788115
Christina Flores,34,81237 Kirk Court Apt. 412,Kevinhaven,Wyoming,55585,160.709380,-79.4375875
Haley Perez,34,47126 Christopher Terrace,Port Cynthiatown,Missouri,60528,-126.271856,16.888100
Leroy Neal,46,275 Bonnie Meadows Suite 834,Cynthiahaven,Texas,00955,-119.523803,16.796143
Stephanie Banks,51,54795 Nicholas Villages,Lindamouth,North Dakota,36830,174.561676,-86.4262985
Roy Robinson,78,086 Joseph Keys Apt. 832,New Jessicachester,Utah,01679,115.247058,-38.9893895
Erin Gonzalez,24,573 Patterson Landing,Andrewberg,New York,37862,-112.159093,29.624210
Christopher Beard,76,897 Jones Fort Apt. 439,North Danielstad,South Carolina,72106,-19.549539,-86.6411305
Karina Decker,49,9259 Deborah Avenue,Johnsport,Maryland,14397,-72.968605,-65.1554085
Shawn Zimmerman,18,8248 Davis Gateway,Jacksonfurt,Louisiana,01012,-11.412850,-13.9614155
John Zavala,44,981 Ryan Field,Lake Charles,Arkansas,32284,52.966572,31.5676445
Chase Wilson,19,94423 Brown Gateway Apt. 868,South Elizabethview,New York,56058,-111.535124,84.9070245
Amy Smith,45,45861 Garner Stream Apt. 516,New Craig,Vermont,59284,55.527901,36.969631
Cindy Edwards,75,217 Vanessa Falls,New Derekshire,Nevada,63387,93.227349,31.9393305
Donna Jordan,74,719 Nicholas Greens Suite 998,Leblancstad,North Carolina,90062,-169.972208,14.534288
Michael Johnson,51,12536 William Corner Apt. 592,South Erin,Idaho,87830,-158.084073,-24.195001
Brandon Moore,71,50260 Theresa Shore,North Dianestad,Rhode Island,72948,137.706380,2.433256
Misty Smith,46,14210 Mack Station,Melaniebury,Georgia,45232,-49.011801,-79.5701145
Alex Mcgee,33,98794 Alexander Pass,Katrinaport,Vermont,26311,-10.844701,21.392365
Kenneth Flores,60,936 Ramos Bypass Apt. 922,Raymondside,Kansas,25845,-27.654254,52.488325
John Williams,77,8333 Clay Crescent Apt. 125,New Amyborough,Colorado,73521,-41.221380,-48.883253
Dennis Gordon,50,1838 Jackson Ville Suite 113,South Lukeview,Mississippi,81305,-27.200662,87.3724465
Jay Flores,68,085 Timothy Rapid,Leestad,Kansas,68019,64.088221,3.441384
Richard Maldonado,62,48647 Amber Point,Watsontown,Kentucky,40642,144.338263,51.668636
Michelle Salinas,31,88977 Larson Radial,Riosfurt,Alaska,88598,89.991581,75.7664535
Dr. Ashley Stevens,58,5126 Hall Path Apt. 160,North Dannymouth,Maine,30827,-144.221673,-56.2628025
Michael Thomas,59,57850 Jackson Lights Suite 304,East Lisa,Rhode Island,37531,135.388924,24.7546805
Erika Shaw,57,19347 Robert Course,South Bradleymouth,Maine,47337,-168.116864,-1.8498795
Kristina Mclean,34,1071 Deborah Hill,Peterville,North Dakota,28698,-11.765977,-40.420702
Pamela Wagner,41,99034 Brewer Burgs Suite 777,South Davidfort,Vermont,57491,-87.284095,-31.203439
Jaime Quinn,64,72122 Leonard Key Apt. 366,North Austinland,Idaho,51950,-24.646731,42.2530595
Brittany Robinson,68,0369 Powers Square Suite 738,New Bryceborough,New Mexico,12405,-27.138030,-58.8089705
Kevin Hernandez,31,6156 Melvin Prairie,Millerhaven,Arizona,62395,110.243218,-22.176892
Diana Lopez,27,6167 Ashley Gateway,Port Hunter,Idaho,47092,-74.468486,-56.056851
Kevin Farrell DVM,44,8789 Micheal Valleys,Ochoaland,Nevada,52886,118.461054,-89.795976
Christopher Kim,40,60151 Foster Islands Apt. 843,East Gailshire,Connecticut,48802,37.432287,-36.491747
Steven Green,51,3301 Sanders Spurs,Hoganside,Kentucky,24611,54.953362,-55.040724
Christian Byrd,68,837 Brown Loop Apt. 742,Brianhaven,Washington,12350,-44.485034,89.448430
Ashley White,30,259 Calvin Inlet Apt. 270,Danielsfurt,Texas,57640,98.428834,-26.9205405
Kelly Baker,25,082 Cruz Extensions,New Christina,New Hampshire,93952,54.645047,-5.8432805
Edwin Morris,47,647 Ross Lodge Suite 525,Johnsonside,Hawaii,55803,2.174636,80.032075
Mr. Donald Brooks Jr.,57,517 Rosales Heights Suite 910,Jasonton,Georgia,13553,-59.870167,1.5235345
Richard Jacobs,61,117 Phillips Light,South Jennifer,Michigan,40638,149.742947,72.407161
Stephanie Cobb,55,9485 Jacqueline Knolls Suite 049,Lake Emilymouth,South Dakota,20716,-22.512364,-50.4530205
Adam Montoya,38,36871 Natalie Meadows,Bakerview,Idaho,65886,103.032111,-71.6867785
James Yang,63,59490 Powell Plaza Suite 679,East Noah,California,04941,20.469857,37.897018
Melanie Garcia,53,99010 Perez Harbors,Hernandezburgh,Kansas,02822,171.549798,-68.0407955
Jeffrey Woods,35,182 Jean Circles,East Krystalburgh,Alabama,99463,-88.931091,-16.749788
Manuel Garcia,36,18093 Marquez Oval,North April,Montana,31260,6.044181,-12.9958545
Jason Todd,53,5451 Jordan Springs Apt. 092,Lake Lisa,Kansas,94256,48.274149,85.5658525
Cynthia Rollins,25,4843 Schmidt Fords,Clarkhaven,Texas,18797,52.678752,71.9072495
Elizabeth Gomez,70,2725 Andrew Plain Suite 453,North Sarahshire,Minnesota,07914,154.686426,36.8491055
Jessica Cox,24,21560 Paul Island,Buckleyland,Texas,42773,128.015010,-21.0698605
Amanda James,62,446 Taylor River,Coopermouth,California,78215,-96.892739,-47.610994
Brittney Mueller,70,715 Russell Court Suite 446,New Dylan,Minnesota,06453,86.984972,-58.823555
Steven Henry,78,37249 Willis Island,Lake Samuelbury,Mississippi,46485,69.327941,42.8849115
Mr. David Garrison,23,89376 Kelly Locks Suite 437,Mckenzieville,New Mexico,93636,173.373522,-8.258993
Jennifer White,27,190 Carmen Brook Apt. 019,Danielborough,New Jersey,41438,-114.073527,-55.8121515
Jennifer Fuller,79,910 Martin Mission,West Lisa,Pennsylvania,63056,-106.487086,3.4054875
Joyce Phelps,44,106 Hudson Field,East Chad,Maryland,41794,-156.591493,-48.825090
Rebecca Callahan,46,07409 Daniel Fort Suite 133,Mullinsmouth,Pennsylvania,26173,64.348248,-63.9903505
Megan Hayden,66,57002 Johnny Parks Suite 907,Johnsonshire,Nevada,30154,4.400756,25.9114415
Anthony Wright,55,45510 Anderson Garden Apt. 012,Port Deborahtown,Virginia,73659,82.750783,-54.954970
Maria Clark,18,2351 Sandra Ranch,New Margaret,Vermont,77581,95.605554,-36.517474
Danielle Green,75,002 Stephanie Spur Apt. 073,Austinfurt,California,47272,95.138492,53.5265315
Shawn Moreno,44,38761 Wilson Skyway,New Linda,Montana,76437,-175.982442,-53.207488
Keith Lynch,70,6875 House Mountain Suite 187,New Jose,South Dakota,87153,2.861950,-36.758656
George Cameron,43,1956 Julian Shores,Chelseahaven,Oklahoma,97773,-42.177240,25.8526265
John Flores,78,9175 Hannah Junctions,East Johnberg,South Dakota,83181,174.351598,-13.239428
Travis Walsh,61,3464 Samantha Hills Suite 299,Johnstonmouth,West Virginia,89853,120.105551,-31.508147
Stephanie Mason,70,3623 Stewart Square Apt. 050,East Pamela,Kentucky,22766,-122.485353,-27.398581
Ruth Martinez,80,939 Caitlin Village,North Lori,North Dakota,93810,-3.978873,-81.9786425
Brandon Miller MD,65,8263 Nicole Course,Hernandezside,Tennessee,74061,-168.990591,-5.2311235
Andrew Horne,22,9788 Byrd Radial Apt. 063,Hayeston,Ohio,45396,123.408220,-47.0045565
Andrea Perez,50,22510 Kelly Rue Apt. 903,Russellport,Indiana,78064,8.878116,-44.2083495
Jordan Pierce,29,090 Jones Cape Suite 955,Michaelfurt,New York,85509,128.529177,80.7442545
Kevin Smith,71,2372 Miller Fort,Port Jennifermouth,Idaho,01148,-174.567810,70.191685
Chelsea Taylor,68,0703 Timothy Meadows,East Danielshire,Iowa,59713,176.265516,4.9259575
